{
  "type": "FeatureCollection",
  "features": [
    {
      "type": "Feature",
      "properties": {
        "name": "Beijing",
        "center": [
          116.4074,
          39.9042
        ],
        "radius": 1
      },
      "geometry": {
        "type": "Polygon",
        "coordinates": [
          [
            [
              117.4074,
              39.9042
            ],
            [
              117.40258472667219,
              39.98261371226365
            ],
            [
              117.38818528040322,
              40.06027225761291
            ],
            [
              117.36434033573221,
              40.13642774180357
            ],
            [
              117.33127953251129,
              40.210346745892075
            ],
            [
              117.28932126434835,
              40.2813173894608
            ],
            [
              117.23886961230254,
              40.34865618641568
            ],
            [
              117.18041045336274,
              40.411714627330916
            ],
            [
              117.11450678118655,
              40.46988542494924
            ],
            [
              117.04179328416365,
              40.52260836269019
            ],
            [
              116.9629702330196,
              40.56937568984204
            ],
            [
              116.87879673682599,
              40.609737011478686
            ],
            [
              116.79008343236508,
              40.64330362600903
            ],
            [
              116.69768467725446,
              40.66975226858577
            ],
            [
              116.60249032201612,
              40.688828224322585
            ],
            [
              116.50541714032956,
              40.70034778133776
            ],
            [
              116.4074,
              40.7042
            ],
            [
              116.30938285967044,
              40.70034778133776
            ],
            [
              116.21230967798387,
              40.688828224322585
            ],
            [
              116.11711532274553,
              40.66975226858577
            ],
            [
              116.02471656763491,
              40.64330362600903
            ],
            [
              115.936003263174,
              40.609737011478686
            ],
            [
              115.85182976698039,
              40.56937568984204
            ],
            [
              115.77300671583635,
              40.52260836269019
            ],
            [
              115.70029321881344,
              40.46988542494924
            ],
            [
              115.63438954663725,
              40.411714627330916
            ],
            [
              115.57593038769745,
              40.34865618641568
            ],
            [
              115.52547873565165,
              40.2813173894608
            ],
            [
              115.4835204674887,
              40.210346745892075
            ],
            [
              115.45045966426778,
              40.13642774180357
            ],
            [
              115.42661471959677,
              40.06027225761291
            ],
            [
              115.4122152733278,
              39.98261371226365
            ],
            [
              115.4074,
              39.9042
            ],
            [
              115.4122152733278,
              39.825786287736356
            ],
            [
              115.42661471959677,
              39.7481277423871
            ],
            [
              115.45045966426778,
              39.67197225819643
            ],
            [
              115.4835204674887,
              39.59805325410793
            ],
            [
              115.52547873565165,
              39.5270826105392
            ],
            [
              115.57593038769745,
              39.459743813584325
            ],
            [
              115.63438954663725,
              39.39668537266909
            ],
            [
              115.70029321881344,
              39.338514575050766
            ],
            [
              115.77300671583635,
              39.28579163730981
            ],
            [
              115.85182976698039,
              39.239024310157966
            ],
            [
              115.936003263174,
              39.19866298852132
            ],
            [
              116.02471656763491,
              39.16509637399098
            ],
            [
              116.11711532274553,
              39.13864773141424
            ],
            [
              116.21230967798387,
              39.11957177567742
            ],
            [
              116.30938285967044,
              39.108052218662245
            ],
            [
              116.4074,
              39.104200000000006
            ],
            [
              116.50541714032956,
              39.108052218662245
            ],
            [
              116.60249032201612,
              39.11957177567742
            ],
            [
              116.69768467725446,
              39.13864773141424
            ],
            [
              116.79008343236508,
              39.16509637399098
            ],
            [
              116.87879673682599,
              39.19866298852132
            ],
            [
              116.9629702330196,
              39.239024310157966
            ],
            [
              117.04179328416365,
              39.28579163730981
            ],
            [
              117.11450678118655,
              39.338514575050766
            ],
            [
              117.18041045336273,
              39.39668537266908
            ],
            [
              117.23886961230254,
              39.459743813584325
            ],
            [
              117.28932126434835,
              39.5270826105392
            ],
            [
              117.33127953251129,
              39.59805325410793
            ],
            [
              117.36434033573221,
              39.67197225819643
            ],
            [
              117.38818528040322,
              39.7481277423871
            ],
            [
              117.40258472667219,
              39.825786287736356
            ],
            [
              117.4074,
              39.9042
            ]
          ]
        ]
      }
    },
    {
      "type": "Feature",
      "properties": {
        "name": "Tianjin",
        "center": [
          117.3616,
          39.3434
        ],
        "radius": 0.8
      },
      "geometry": {
        "type": "Polygon",
        "coordinates": [
          [
            [
              118.16159999999999,
              39.3434
            ],
            [
              118.15774778133775,
              39.406130969810924
            ],
            [
              118.14622822432258,
              39.46825780609033
            ],
            [
              118.12715226858576,
              39.52918219344286
            ],
            [
              118.10070362600902,
              39.58831739671366
            ],
            [
              118.06713701147868,
              39.645093911568644
            ],
            [
              118.02677568984203,
              39.698964949132545
            ],
            [
              117.98000836269019,
              39.74941170186474
            ],
            [
              117.92728542494923,
              39.795948339959395
            ],
            [
              117.86911462733092,
              39.83812669015215
            ],
            [
              117.80605618641567,
              39.875540551873634
            ],
            [
              117.73871738946079,
              39.90782960918295
            ],
            [
              117.66774674589207,
              39.934682900807225
            ],
            [
              117.59382774180357,
              39.95584181486861
            ],
            [
              117.5176722576129,
              39.97110257945807
            ],
            [
              117.44001371226365,
              39.98031822507021
            ],
            [
              117.3616,
              39.9834
            ],
            [
              117.28318628773634,
              39.98031822507021
            ],
            [
              117.20552774238709,
              39.97110257945807
            ],
            [
              117.12937225819643,
              39.95584181486861
            ],
            [
              117.05545325410792,
              39.934682900807225
            ],
            [
              116.9844826105392,
              39.90782960918295
            ],
            [
              116.91714381358432,
              39.875540551873634
            ],
            [
              116.85408537266908,
              39.83812669015215
            ],
            [
              116.79591457505076,
              39.795948339959395
            ],
            [
              116.7431916373098,
              39.74941170186474
            ],
            [
              116.69642431015797,
              39.698964949132545
            ],
            [
              116.65606298852131,
              39.645093911568644
            ],
            [
              116.62249637399097,
              39.58831739671366
            ],
            [
              116.59604773141423,
              39.52918219344286
            ],
            [
              116.5769717756774,
              39.46825780609033
            ],
            [
              116.56545221866224,
              39.406130969810924
            ],
            [
              116.5616,
              39.3434
            ],
            [
              116.56545221866224,
              39.28066903018908
            ],
            [
              116.5769717756774,
              39.21854219390968
            ],
            [
              116.59604773141423,
              39.15761780655715
            ],
            [
              116.62249637399097,
              39.09848260328634
            ],
            [
              116.65606298852131,
              39.04170608843136
            ],
            [
              116.69642431015797,
              38.98783505086746
            ],
            [
              116.7431916373098,
              38.93738829813527
            ],
            [
              116.79591457505076,
              38.89085166004061
            ],
            [
              116.85408537266908,
              38.848673309847854
            ],
            [
              116.91714381358432,
              38.81125944812637
            ],
            [
              116.9844826105392,
              38.77897039081706
            ],
            [
              117.05545325410792,
              38.75211709919278
            ],
            [
              117.12937225819643,
              38.73095818513139
            ],
            [
              117.20552774238709,
              38.715697420541936
            ],
            [
              117.28318628773634,
              38.7064817749298
            ],
            [
              117.3616,
              38.7034
            ],
            [
              117.44001371226365,
              38.7064817749298
            ],
            [
              117.5176722576129,
              38.715697420541936
            ],
            [
              117.59382774180357,
              38.73095818513139
            ],
            [
              117.66774674589207,
              38.75211709919278
            ],
            [
              117.73871738946079,
              38.77897039081706
            ],
            [
              117.80605618641567,
              38.81125944812637
            ],
            [
              117.86911462733092,
              38.848673309847854
            ],
            [
              117.92728542494923,
              38.89085166004061
            ],
            [
              117.98000836269019,
              38.93738829813527
            ],
            [
              118.02677568984203,
              38.98783505086746
            ],
            [
              118.06713701147868,
              39.04170608843136
            ],
            [
              118.10070362600902,
              39.09848260328634
            ],
            [
              118.12715226858576,
              39.15761780655715
            ],
            [
              118.14622822432258,
              39.21854219390968
            ],
            [
              118.15774778133775,
              39.28066903018908
            ],
            [
              118.16159999999999,
              39.3434
            ]
          ]
        ]
      }
    },
    {
      "type": "Feature",
      "properties": {
        "name": "Shanghai",
        "center": [
          121.4737,
          31.2304
        ],
        "radius": 0.9
      },
      "geometry": {
        "type": "Polygon",
        "coordinates": [
          [
            [
              122.3737,
              31.2304
            ],
            [
              122.36936625400497,
              31.300972341037284
            ],
            [
              122.3564067523629,
              31.37086503185161
            ],
            [
              122.33494630215898,
              31.43940496762321
            ],
            [
              122.30519157926015,
              31.505932071302865
            ],
            [
              122.26742913791351,
              31.569805650514716
            ],
            [
              122.22202265107228,
              31.630410567774113
            ],
            [
              122.16940940802645,
              31.687163164597823
            ],
            [
              122.11009610306789,
              31.739516882454314
            ],
            [
              122.04465395574728,
              31.78696752642117
            ],
            [
              121.97371320971763,
              31.82905812085783
            ],
            [
              121.8979570631434,
              31.865383310330817
            ],
            [
              121.81811508912857,
              31.895593263408127
            ],
            [
              121.73495620952902,
              31.91939704172719
            ],
            [
              121.64928128981451,
              31.936565401890327
            ],
            [
              121.5619154262966,
              31.94693300320398
            ],
            [
              121.4737,
              31.9504
            ],
            [
              121.3854845737034,
              31.94693300320398
            ],
            [
              121.29811871018548,
              31.936565401890327
            ],
            [
              121.21244379047097,
              31.91939704172719
            ],
            [
              121.12928491087142,
              31.895593263408127
            ],
            [
              121.0494429368566,
              31.865383310330817
            ],
            [
              120.97368679028236,
              31.829058120857834
            ],
            [
              120.90274604425271,
              31.78696752642117
            ],
            [
              120.8373038969321,
              31.739516882454314
            ],
            [
              120.77799059197353,
              31.687163164597823
            ],
            [
              120.72537734892771,
              31.630410567774113
            ],
            [
              120.67997086208648,
              31.569805650514716
            ],
            [
              120.64220842073983,
              31.505932071302865
            ],
            [
              120.612453697841,
              31.43940496762321
            ],
            [
              120.59099324763709,
              31.37086503185161
            ],
            [
              120.57803374599501,
              31.300972341037284
            ],
            [
              120.57369999999999,
              31.2304
            ],
            [
              120.57803374599501,
              31.159827658962715
            ],
            [
              120.59099324763709,
              31.089934968148388
            ],
            [
              120.612453697841,
              31.021395032376788
            ],
            [
              120.64220842073983,
              30.954867928697134
            ],
            [
              120.67997086208648,
              30.890994349485283
            ],
            [
              120.72537734892771,
              30.830389432225886
            ],
            [
              120.77799059197353,
              30.773636835402176
            ],
            [
              120.8373038969321,
              30.721283117545685
            ],
            [
              120.90274604425271,
              30.67383247357883
            ],
            [
              120.97368679028236,
              30.63174187914217
            ],
            [
              121.0494429368566,
              30.595416689669182
            ],
            [
              121.12928491087142,
              30.565206736591872
            ],
            [
              121.21244379047097,
              30.54140295827281
            ],
            [
              121.29811871018548,
              30.524234598109672
            ],
            [
              121.3854845737034,
              30.51386699679602
            ],
            [
              121.4737,
              30.5104
            ],
            [
              121.5619154262966,
              30.51386699679602
            ],
            [
              121.64928128981451,
              30.524234598109672
            ],
            [
              121.734956209529,
              30.54140295827281
            ],
            [
              121.81811508912857,
              30.565206736591872
            ],
            [
              121.8979570631434,
              30.595416689669182
            ],
            [
              121.97371320971763,
              30.631741879142165
            ],
            [
              122.04465395574728,
              30.67383247357883
            ],
            [
              122.11009610306789,
              30.721283117545685
            ],
            [
              122.16940940802645,
              30.773636835402176
            ],
            [
              122.22202265107228,
              30.830389432225886
            ],
            [
              122.26742913791351,
              30.890994349485283
            ],
            [
              122.30519157926015,
              30.954867928697134
            ],
            [
              122.33494630215898,
              31.021395032376788
            ],
            [
              122.3564067523629,
              31.089934968148388
            ],
            [
              122.36936625400497,
              31.159827658962715
            ],
            [
              122.3737,
              31.2304
            ]
          ]
        ]
      }
    },
    {
      "type": "Feature",
      "properties": {
        "name": "Chongqing",
        "center": [
          106.5516,
          29.563
        ],
        "radius": 2.2
      },
      "geometry": {
        "type": "Polygon",
        "coordinates": [
          [
            [
              108.7516,
              29.563
            ],
            [
              108.74100639867882,
              29.735510166980024
            ],
            [
              108.7093276168871,
              29.906358966748385
            ],
            [
              108.65686873861085,
              30.073901031967853
            ],
            [
              108.58413497152482,
              30.236522840962557
            ],
            [
              108.49182678156637,
              30.392658256813753
            ],
            [
              108.38083314706559,
              30.540803610114498
            ],
            [
              108.25222299739802,
              30.679532180128014
            ],
            [
              108.1072349186104,
              30.80750793488832
            ],
            [
              107.94726522516001,
              30.923498397918415
            ],
            [
              107.77385451264311,
              31.02638651765248
            ],
            [
              107.58867282101718,
              31.115181425253105
            ],
            [
              107.3935035512032,
              31.189027977219865
            ],
            [
              107.19022628995981,
              31.247214990888686
            ],
            [
              106.98079870843547,
              31.289182093509684
            ],
            [
              106.76723770872503,
              31.314525118943067
            ],
            [
              106.5516,
              31.323
            ],
            [
              106.33596229127495,
              31.314525118943067
            ],
            [
              106.12240129156451,
              31.289182093509684
            ],
            [
              105.91297371004018,
              31.247214990888686
            ],
            [
              105.70969644879679,
              31.189027977219865
            ],
            [
              105.5145271789828,
              31.115181425253105
            ],
            [
              105.32934548735687,
              31.02638651765248
            ],
            [
              105.15593477483998,
              30.923498397918415
            ],
            [
              104.99596508138958,
              30.807507934888324
            ],
            [
              104.85097700260197,
              30.679532180128014
            ],
            [
              104.7223668529344,
              30.540803610114498
            ],
            [
              104.61137321843361,
              30.392658256813753
            ],
            [
              104.51906502847517,
              30.236522840962557
            ],
            [
              104.44633126138913,
              30.073901031967853
            ],
            [
              104.39387238311289,
              29.906358966748385
            ],
            [
              104.36219360132117,
              29.735510166980028
            ],
            [
              104.35159999999999,
              29.563
            ],
            [
              104.36219360132117,
              29.390489833019974
            ],
            [
              104.39387238311289,
              29.219641033251612
            ],
            [
              104.44633126138913,
              29.052098968032144
            ],
            [
              104.51906502847517,
              28.88947715903744
            ],
            [
              104.61137321843361,
              28.733341743186244
            ],
            [
              104.7223668529344,
              28.5851963898855
            ],
            [
              104.85097700260197,
              28.446467819871984
            ],
            [
              104.99596508138958,
              28.318492065111677
            ],
            [
              105.15593477483998,
              28.202501602081583
            ],
            [
              105.32934548735687,
              28.099613482347518
            ],
            [
              105.5145271789828,
              28.010818574746892
            ],
            [
              105.70969644879679,
              27.936972022780136
            ],
            [
              105.91297371004018,
              27.87878500911131
            ],
            [
              106.12240129156451,
              27.836817906490314
            ],
            [
              106.33596229127497,
              27.81147488105693
            ],
            [
              106.5516,
              27.802999999999997
            ],
            [
              106.76723770872502,
              27.81147488105693
            ],
            [
              106.98079870843547,
              27.836817906490314
            ],
            [
              107.19022628995981,
              27.87878500911131
            ],
            [
              107.3935035512032,
              27.936972022780132
            ],
            [
              107.58867282101718,
              28.010818574746892
            ],
            [
              107.77385451264311,
              28.099613482347518
            ],
            [
              107.94726522516001,
              28.202501602081583
            ],
            [
              108.1072349186104,
              28.318492065111673
            ],
            [
              108.25222299739801,
              28.44646781987198
            ],
            [
              108.38083314706559,
              28.5851963898855
            ],
            [
              108.49182678156637,
              28.73334174318624
            ],
            [
              108.58413497152482,
              28.88947715903744
            ],
            [
              108.65686873861085,
              29.052098968032144
            ],
            [
              108.7093276168871,
              29.219641033251612
            ],
            [
              108.74100639867882,
              29.390489833019974
            ],
            [
              108.7516,
              29.563
            ]
          ]
        ]
      }
    },
    {
      "type": "Feature",
      "properties": {
        "name": "Hebei",
        "center": [
          114.4698,
          38.0371
        ],
        "radius": 2.6
      },
      "geometry": {
        "type": "Polygon",
        "coordinates": [
          [
            [
              117.0698,
              38.0371
            ],
            [
              117.05728028934772,
              38.24097565188549
            ],
            [
              117.01984172904841,
              38.44288786979355
            ],
            [
              116.95784487290375,
              38.64089212868929
            ],
            [
              116.87188678452935,
              38.83308153931939
            ],
            [
              116.76279528730574,
              39.01760521259808
            ],
            [
              116.63162099198662,
              39.19268608468077
            ],
            [
              116.47962717874313,
              39.356638031060385
            ],
            [
              116.30827763108503,
              39.507882104868024
            ],
            [
              116.11922253882548,
              39.6449617429945
            ],
            [
              115.91428260585097,
              39.766556793589295
            ],
            [
              115.6954315157476,
              39.87149622984458
            ],
            [
              115.46477692414923,
              39.95876942762348
            ],
            [
              115.22454016086161,
              40.027535898322995
            ],
            [
              114.97703483724194,
              40.077133383238724
            ],
            [
              114.72464456485686,
              40.10708423147817
            ],
            [
              114.4698,
              40.1171
            ],
            [
              114.21495543514315,
              40.10708423147817
            ],
            [
              113.96256516275807,
              40.077133383238724
            ],
            [
              113.7150598391384,
              40.027535898322995
            ],
            [
              113.47482307585078,
              39.95876942762348
            ],
            [
              113.24416848425241,
              39.87149622984458
            ],
            [
              113.02531739414904,
              39.766556793589295
            ],
            [
              112.82037746117453,
              39.6449617429945
            ],
            [
              112.63132236891498,
              39.507882104868024
            ],
            [
              112.45997282125688,
              39.356638031060385
            ],
            [
              112.30797900801339,
              39.19268608468077
            ],
            [
              112.17680471269428,
              39.01760521259808
            ],
            [
              112.06771321547066,
              38.83308153931939
            ],
            [
              111.98175512709626,
              38.64089212868929
            ],
            [
              111.9197582709516,
              38.44288786979355
            ],
            [
              111.8823197106523,
              38.24097565188549
            ],
            [
              111.86980000000001,
              38.0371
            ],
            [
              111.8823197106523,
              37.83322434811452
            ],
            [
              111.9197582709516,
              37.63131213020645
            ],
            [
              111.98175512709626,
              37.433307871310724
            ],
            [
              112.06771321547066,
              37.24111846068062
            ],
            [
              112.17680471269428,
              37.05659478740193
            ],
            [
              112.30797900801339,
              36.88151391531923
            ],
            [
              112.45997282125688,
              36.71756196893962
            ],
            [
              112.63132236891498,
              36.56631789513198
            ],
            [
              112.82037746117453,
              36.42923825700551
            ],
            [
              113.02531739414904,
              36.30764320641071
            ],
            [
              113.24416848425241,
              36.20270377015542
            ],
            [
              113.47482307585076,
              36.115430572376525
            ],
            [
              113.7150598391384,
              36.04666410167701
            ],
            [
              113.96256516275807,
              35.99706661676128
            ],
            [
              114.21495543514315,
              35.967115768521836
            ],
            [
              114.4698,
              35.957100000000004
            ],
            [
              114.72464456485686,
              35.967115768521836
            ],
            [
              114.97703483724194,
              35.99706661676128
            ],
            [
              115.22454016086161,
              36.04666410167701
            ],
            [
              115.46477692414923,
              36.115430572376525
            ],
            [
              115.6954315157476,
              36.20270377015542
            ],
            [
              115.91428260585097,
              36.30764320641071
            ],
            [
              116.11922253882548,
              36.42923825700551
            ],
            [
              116.30827763108503,
              36.56631789513198
            ],
            [
              116.47962717874312,
              36.71756196893962
            ],
            [
              116.63162099198662,
              36.88151391531923
            ],
            [
              116.76279528730574,
              37.05659478740193
            ],
            [
              116.87188678452935,
              37.24111846068062
            ],
            [
              116.95784487290375,
              37.43330787131072
            ],
            [
              117.01984172904841,
              37.63131213020645
            ],
            [
              117.05728028934772,
              37.83322434811452
            ],
            [
              117.0698,
              38.0371
            ]
          ]
        ]
      }
    },
    {
      "type": "Feature",
      "properties": {
        "name": "Henan",
        "center": [
          113.6654,
          34.7579
        ],
        "radius": 2.4
      },
      "geometry": {
        "type": "Polygon",
        "coordinates": [
          [
            [
              116.06540000000001,
              34.7579
            ],
            [
              116.05384334401327,
              34.94609290943276
            ],
            [
              116.01928467296776,
              35.13247341827097
            ],
            [
              115.9620568057573,
              35.31524658032857
            ],
            [
              115.8827108780271,
              35.49265219014097
            ],
            [
              115.78201103443605,
              35.662981734705916
            ],
            [
              115.66092706952611,
              35.824594847397634
            ],
            [
              115.52062508807057,
              35.975935105594196
            ],
            [
              115.36245627484772,
              36.11554501987817
            ],
            [
              115.18794388199275,
              36.24208007045645
            ],
            [
              114.99876855924705,
              36.354321655620886
            ],
            [
              114.7967521683824,
              36.45118882754884
            ],
            [
              114.58384023767623,
              36.53174870242167
            ],
            [
              114.36208322541071,
              36.59522544460584
            ],
            [
              114.1336167728387,
              36.6410077383742
            ],
            [
              113.90064113679095,
              36.66865467521062
            ],
            [
              113.6654,
              36.6779
            ],
            [
              113.43015886320906,
              36.66865467521062
            ],
            [
              113.1971832271613,
              36.6410077383742
            ],
            [
              112.9687167745893,
              36.59522544460584
            ],
            [
              112.74695976232378,
              36.53174870242167
            ],
            [
              112.53404783161761,
              36.45118882754884
            ],
            [
              112.33203144075296,
              36.354321655620886
            ],
            [
              112.14285611800726,
              36.24208007045645
            ],
            [
              111.9683437251523,
              36.11554501987817
            ],
            [
              111.81017491192944,
              35.975935105594196
            ],
            [
              111.6698729304739,
              35.824594847397634
            ],
            [
              111.54878896556396,
              35.662981734705916
            ],
            [
              111.44808912197291,
              35.49265219014097
            ],
            [
              111.36874319424271,
              35.31524658032857
            ],
            [
              111.31151532703225,
              35.13247341827097
            ],
            [
              111.27695665598674,
              34.94609290943276
            ],
            [
              111.2654,
              34.7579
            ],
            [
              111.27695665598674,
              34.56970709056724
            ],
            [
              111.31151532703225,
              34.38332658172903
            ],
            [
              111.36874319424271,
              34.20055341967143
            ],
            [
              111.44808912197291,
              34.023147809859026
            ],
            [
              111.54878896556396,
              33.85281826529408
            ],
            [
              111.6698729304739,
              33.691205152602365
            ],
            [
              111.81017491192944,
              33.5398648944058
            ],
            [
              111.9683437251523,
              33.40025498012183
            ],
            [
              112.14285611800726,
              33.273719929543546
            ],
            [
              112.33203144075296,
              33.16147834437911
            ],
            [
              112.53404783161761,
              33.06461117245116
            ],
            [
              112.74695976232378,
              32.98405129757833
            ],
            [
              112.9687167745893,
              32.92057455539416
            ],
            [
              113.19718322716129,
              32.8747922616258
            ],
            [
              113.43015886320906,
              32.84714532478938
            ],
            [
              113.6654,
              32.8379
            ],
            [
              113.90064113679095,
              32.84714532478938
            ],
            [
              114.1336167728387,
              32.8747922616258
            ],
            [
              114.36208322541071,
              32.92057455539416
            ],
            [
              114.58384023767623,
              32.98405129757833
            ],
            [
              114.7967521683824,
              33.06461117245116
            ],
            [
              114.99876855924705,
              33.16147834437911
            ],
            [
              115.18794388199275,
              33.273719929543546
            ],
            [
              115.36245627484772,
              33.40025498012183
            ],
            [
              115.52062508807057,
              33.5398648944058
            ],
            [
              115.66092706952611,
              33.691205152602365
            ],
            [
              115.78201103443605,
              33.85281826529408
            ],
            [
              115.8827108780271,
              34.023147809859026
            ],
            [
              115.9620568057573,
              34.20055341967143
            ],
            [
              116.01928467296776,
              34.38332658172903
            ],
            [
              116.05384334401327,
              34.56970709056724
            ],
            [
              116.06540000000001,
              34.7579
            ]
          ]
        ]
      }
    },
    {
      "type": "Feature",
      "properties": {
        "name": "Anhui",
        "center": [
          117.283,
          31.8612
        ],
        "radius": 2
      },
      "geometry": {
        "type": "Polygon",
        "coordinates": [
          [
            [
              119.283,
              31.8612
            ],
            [
              119.2733694533444,
              32.0180274245273
            ],
            [
              119.24457056080647,
              32.17334451522581
            ],
            [
              119.19688067146441,
              32.32565548360714
            ],
            [
              119.13075906502257,
              32.47349349178415
            ],
            [
              119.04684252869671,
              32.615434778921596
            ],
            [
              118.9459392246051,
              32.75011237283137
            ],
            [
              118.82902090672548,
              32.87622925466183
            ],
            [
              118.6972135623731,
              32.99257084989848
            ],
            [
              118.55178656832729,
              33.098016725380376
            ],
            [
              118.3941404660392,
              33.19155137968407
            ],
            [
              118.22579347365199,
              33.27227402295737
            ],
            [
              118.04836686473018,
              33.339407252018056
            ],
            [
              117.86356935450893,
              33.39230453717153
            ],
            [
              117.67318064403226,
              33.43045644864517
            ],
            [
              117.47903428065912,
              33.45349556267551
            ],
            [
              117.283,
              33.4612
            ],
            [
              117.08696571934088,
              33.45349556267551
            ],
            [
              116.89281935596775,
              33.43045644864517
            ],
            [
              116.70243064549108,
              33.39230453717153
            ],
            [
              116.51763313526982,
              33.339407252018056
            ],
            [
              116.34020652634801,
              33.27227402295737
            ],
            [
              116.1718595339608,
              33.19155137968407
            ],
            [
              116.01421343167272,
              33.09801672538038
            ],
            [
              115.86878643762691,
              32.99257084989848
            ],
            [
              115.73697909327453,
              32.87622925466183
            ],
            [
              115.6200607753949,
              32.75011237283137
            ],
            [
              115.51915747130329,
              32.615434778921596
            ],
            [
              115.43524093497743,
              32.47349349178415
            ],
            [
              115.36911932853559,
              32.32565548360714
            ],
            [
              115.32142943919354,
              32.17334451522581
            ],
            [
              115.2926305466556,
              32.0180274245273
            ],
            [
              115.283,
              31.8612
            ],
            [
              115.2926305466556,
              31.704372575472703
            ],
            [
              115.32142943919354,
              31.549055484774193
            ],
            [
              115.36911932853559,
              31.39674451639286
            ],
            [
              115.43524093497743,
              31.248906508215857
            ],
            [
              115.51915747130329,
              31.106965221078404
            ],
            [
              115.6200607753949,
              30.972287627168637
            ],
            [
              115.73697909327453,
              30.846170745338167
            ],
            [
              115.86878643762691,
              30.729829150101523
            ],
            [
              116.01421343167272,
              30.62438327461962
            ],
            [
              116.1718595339608,
              30.53084862031593
            ],
            [
              116.340206526348,
              30.45012597704263
            ],
            [
              116.51763313526982,
              30.38299274798194
            ],
            [
              116.70243064549108,
              30.330095462828467
            ],
            [
              116.89281935596775,
              30.29194355135483
            ],
            [
              117.08696571934088,
              30.268904437324487
            ],
            [
              117.283,
              30.2612
            ],
            [
              117.47903428065912,
              30.268904437324487
            ],
            [
              117.67318064403226,
              30.29194355135483
            ],
            [
              117.86356935450893,
              30.330095462828467
            ],
            [
              118.04836686473018,
              30.38299274798194
            ],
            [
              118.22579347365199,
              30.45012597704263
            ],
            [
              118.3941404660392,
              30.53084862031593
            ],
            [
              118.55178656832729,
              30.62438327461962
            ],
            [
              118.6972135623731,
              30.729829150101523
            ],
            [
              118.82902090672548,
              30.846170745338167
            ],
            [
              118.9459392246051,
              30.972287627168637
            ],
            [
              119.04684252869671,
              31.106965221078404
            ],
            [
              119.13075906502257,
              31.248906508215857
            ],
            [
              119.19688067146441,
              31.39674451639286
            ],
            [
              119.24457056080647,
              31.549055484774193
            ],
            [
              119.2733694533444,
              31.704372575472703
            ],
            [
              119.283,
              31.8612
            ]
          ]
        ]
      }
    },
    {
      "type": "Feature",
      "properties": {
        "name": "Fujian",
        "center": [
          119.2965,
          26.0745
        ],
        "radius": 1.8
      },
      "geometry": {
        "type": "Polygon",
        "coordinates": [
          [
            [
              121.09649999999999,
              26.0745
            ],
            [
              121.08783250800995,
              26.21564468207457
            ],
            [
              121.06191350472581,
              26.355430063703224
            ],
            [
              121.01899260431797,
              26.492509935246428
            ],
            [
              120.95948315852031,
              26.62556414260573
            ],
            [
              120.88395827582703,
              26.753311301029438
            ],
            [
              120.79314530214458,
              26.87452113554823
            ],
            [
              120.68791881605293,
              26.988026329195648
            ],
            [
              120.56929220613578,
              27.09273376490863
            ],
            [
              120.43840791149455,
              27.187635052842342
            ],
            [
              120.29652641943528,
              27.271816241715666
            ],
            [
              120.1450141262868,
              27.34446662066163
            ],
            [
              119.98533017825716,
              27.404886526816252
            ],
            [
              119.81901241905803,
              27.452494083454383
            ],
            [
              119.64766257962903,
              27.486830803780652
            ],
            [
              119.47293085259321,
              27.507566006407963
            ],
            [
              119.2965,
              27.5145
            ],
            [
              119.12006914740678,
              27.507566006407963
            ],
            [
              118.94533742037096,
              27.486830803780652
            ],
            [
              118.77398758094196,
              27.452494083454383
            ],
            [
              118.60766982174283,
              27.404886526816252
            ],
            [
              118.4479858737132,
              27.34446662066163
            ],
            [
              118.29647358056471,
              27.271816241715666
            ],
            [
              118.15459208850544,
              27.187635052842342
            ],
            [
              118.0237077938642,
              27.09273376490863
            ],
            [
              117.90508118394706,
              26.988026329195648
            ],
            [
              117.79985469785541,
              26.87452113554823
            ],
            [
              117.70904172417296,
              26.753311301029438
            ],
            [
              117.63351684147968,
              26.62556414260573
            ],
            [
              117.57400739568202,
              26.492509935246428
            ],
            [
              117.53108649527418,
              26.355430063703224
            ],
            [
              117.50516749199004,
              26.21564468207457
            ],
            [
              117.4965,
              26.0745
            ],
            [
              117.50516749199004,
              25.933355317925432
            ],
            [
              117.53108649527418,
              25.793569936296777
            ],
            [
              117.57400739568202,
              25.656490064753577
            ],
            [
              117.63351684147968,
              25.523435857394272
            ],
            [
              117.70904172417296,
              25.395688698970563
            ],
            [
              117.79985469785541,
              25.274478864451773
            ],
            [
              117.90508118394706,
              25.160973670804353
            ],
            [
              118.0237077938642,
              25.05626623509137
            ],
            [
              118.15459208850544,
              24.96136494715766
            ],
            [
              118.29647358056471,
              24.877183758284335
            ],
            [
              118.4479858737132,
              24.80453337933837
            ],
            [
              118.60766982174283,
              24.74411347318375
            ],
            [
              118.77398758094196,
              24.696505916545618
            ],
            [
              118.94533742037096,
              24.66216919621935
            ],
            [
              119.12006914740678,
              24.641433993592038
            ],
            [
              119.2965,
              24.6345
            ],
            [
              119.47293085259321,
              24.641433993592038
            ],
            [
              119.64766257962903,
              24.66216919621935
            ],
            [
              119.81901241905803,
              24.696505916545618
            ],
            [
              119.98533017825716,
              24.74411347318375
            ],
            [
              120.1450141262868,
              24.80453337933837
            ],
            [
              120.29652641943528,
              24.877183758284335
            ],
            [
              120.43840791149455,
              24.96136494715766
            ],
            [
              120.56929220613578,
              25.05626623509137
            ],
            [
              120.68791881605291,
              25.16097367080435
            ],
            [
              120.79314530214458,
              25.274478864451773
            ],
            [
              120.88395827582703,
              25.395688698970563
            ],
            [
              120.95948315852031,
              25.52343585739427
            ],
            [
              121.01899260431797,
              25.656490064753573
            ],
            [
              121.06191350472581,
              25.793569936296777
            ],
            [
              121.08783250800995,
              25.933355317925432
            ],
            [
              121.09649999999999,
              26.0745
            ]
          ]
        ]
      }
    },
    {
      "type": "Feature",
      "properties": {
        "name": "Gansu",
        "center": [
          103.8343,
          36.0611
        ],
        "radius": 3.2
      },
      "geometry": {
        "type": "Polygon",
        "coordinates": [
          [
            [
              107.0343,
              36.0611
            ],
            [
              107.01889112535103,
              36.312023879243675
            ],
            [
              106.97281289729034,
              36.56053122436129
            ],
            [
              106.89650907434307,
              36.80422877377143
            ],
            [
              106.79071450403612,
              37.04076958685463
            ],
            [
              106.65644804591473,
              37.26787564627456
            ],
            [
              106.49500275936815,
              37.48335979653019
            ],
            [
              106.30793345076076,
              37.685146807458935
            ],
            [
              106.09704169979695,
              37.871293359837566
            ],
            [
              105.86435850932367,
              38.04000676060861
            ],
            [
              105.61212474566273,
              38.18966220749452
            ],
            [
              105.3427695578432,
              38.31881843673179
            ],
            [
              105.05888698356829,
              38.4262316032289
            ],
            [
              104.76321096721428,
              38.51086725947446
            ],
            [
              104.4585890304516,
              38.57191031783228
            ],
            [
              104.1479548490546,
              38.608772900280826
            ],
            [
              103.8343,
              38.621100000000006
            ],
            [
              103.5206451509454,
              38.608772900280826
            ],
            [
              103.21001096954839,
              38.57191031783228
            ],
            [
              102.90538903278572,
              38.51086725947446
            ],
            [
              102.60971301643171,
              38.4262316032289
            ],
            [
              102.3258304421568,
              38.31881843673179
            ],
            [
              102.05647525433727,
              38.18966220749452
            ],
            [
              101.80424149067633,
              38.04000676060861
            ],
            [
              101.57155830020305,
              37.871293359837566
            ],
            [
              101.36066654923924,
              37.685146807458935
            ],
            [
              101.17359724063185,
              37.48335979653019
            ],
            [
              101.01215195408527,
              37.26787564627456
            ],
            [
              100.87788549596388,
              37.04076958685464
            ],
            [
              100.77209092565693,
              36.80422877377143
            ],
            [
              100.69578710270966,
              36.56053122436129
            ],
            [
              100.64970887464897,
              36.31202387924368
            ],
            [
              100.6343,
              36.0611
            ],
            [
              100.64970887464897,
              35.81017612075633
            ],
            [
              100.69578710270966,
              35.561668775638715
            ],
            [
              100.77209092565693,
              35.31797122622858
            ],
            [
              100.87788549596388,
              35.08143041314538
            ],
            [
              101.01215195408527,
              34.854324353725445
            ],
            [
              101.17359724063185,
              34.63884020346982
            ],
            [
              101.36066654923924,
              34.43705319254107
            ],
            [
              101.57155830020305,
              34.25090664016244
            ],
            [
              101.80424149067633,
              34.082193239391394
            ],
            [
              102.05647525433727,
              33.932537792505485
            ],
            [
              102.3258304421568,
              33.80338156326822
            ],
            [
              102.60971301643171,
              33.69596839677111
            ],
            [
              102.90538903278572,
              33.61133274052555
            ],
            [
              103.21001096954839,
              33.55028968216773
            ],
            [
              103.5206451509454,
              33.51342709971918
            ],
            [
              103.8343,
              33.5011
            ],
            [
              104.14795484905459,
              33.51342709971918
            ],
            [
              104.4585890304516,
              33.55028968216773
            ],
            [
              104.76321096721428,
              33.61133274052555
            ],
            [
              105.05888698356829,
              33.69596839677111
            ],
            [
              105.3427695578432,
              33.80338156326822
            ],
            [
              105.61212474566273,
              33.932537792505485
            ],
            [
              105.86435850932367,
              34.082193239391394
            ],
            [
              106.09704169979695,
              34.25090664016244
            ],
            [
              106.30793345076076,
              34.43705319254107
            ],
            [
              106.49500275936815,
              34.63884020346982
            ],
            [
              106.65644804591473,
              34.854324353725445
            ],
            [
              106.79071450403612,
              35.08143041314537
            ],
            [
              106.89650907434307,
              35.31797122622858
            ],
            [
              106.97281289729034,
              35.561668775638715
            ],
            [
              107.01889112535103,
              35.81017612075633
            ],
            [
              107.0343,
              36.0611
            ]
          ]
        ]
      }
    },
    {
      "type": "Feature",
      "properties": {
        "name": "Guangdong",
        "center": [
          113.2644,
          23.1291
        ],
        "radius": 2.3
      },
      "geometry": {
        "type": "Polygon",
        "coordinates": [
          [
            [
              115.56439999999999,
              23.1291
            ],
            [
              115.55332487134605,
              23.309451538206392
            ],
            [
              115.52020614492743,
              23.488066192509677
            ],
            [
              115.46536277218408,
              23.663223806148213
            ],
            [
              115.38932292477595,
              23.833237515551765
            ],
            [
              115.29281890800121,
              23.99646999575984
            ],
            [
              115.17678010829584,
              24.151349228756068
            ],
            [
              115.0423240427343,
              24.29638364286111
            ],
            [
              114.89074559672905,
              24.43017647738325
            ],
            [
              114.72350455357638,
              24.551439234187438
            ],
            [
              114.54221153594509,
              24.659004086636685
            ],
            [
              114.3486124946998,
              24.751835126400973
            ],
            [
              114.14457189443971,
              24.82903833982077
            ],
            [
              113.93205475768526,
              24.889870217747266
            ],
            [
              113.71310774063708,
              24.933744915941944
            ],
            [
              113.48983942275798,
              24.960239897076843
            ],
            [
              113.2644,
              24.9691
            ],
            [
              113.03896057724201,
              24.960239897076843
            ],
            [
              112.8156922593629,
              24.933744915941944
            ],
            [
              112.59674524231473,
              24.889870217747266
            ],
            [
              112.38422810556028,
              24.82903833982077
            ],
            [
              112.1801875053002,
              24.751835126400973
            ],
            [
              111.9865884640549,
              24.659004086636685
            ],
            [
              111.80529544642361,
              24.551439234187438
            ],
            [
              111.63805440327094,
              24.43017647738325
            ],
            [
              111.4864759572657,
              24.29638364286111
            ],
            [
              111.35201989170415,
              24.151349228756068
            ],
            [
              111.23598109199878,
              23.99646999575984
            ],
            [
              111.13947707522404,
              23.833237515551765
            ],
            [
              111.06343722781591,
              23.663223806148213
            ],
            [
              111.00859385507256,
              23.488066192509677
            ],
            [
              110.97547512865394,
              23.309451538206392
            ],
            [
              110.9644,
              23.1291
            ],
            [
              110.97547512865394,
              22.94874846179361
            ],
            [
              111.00859385507256,
              22.770133807490325
            ],
            [
              111.06343722781591,
              22.594976193851792
            ],
            [
              111.13947707522404,
              22.424962484448237
            ],
            [
              111.23598109199878,
              22.261730004240164
            ],
            [
              111.35201989170415,
              22.106850771243934
            ],
            [
              111.4864759572657,
              21.961816357138893
            ],
            [
              111.63805440327093,
              21.828023522616753
            ],
            [
              111.80529544642361,
              21.706760765812565
            ],
            [
              111.9865884640549,
              21.599195913363317
            ],
            [
              112.1801875053002,
              21.50636487359903
            ],
            [
              112.38422810556028,
              21.429161660179233
            ],
            [
              112.59674524231473,
              21.368329782252736
            ],
            [
              112.8156922593629,
              21.32445508405806
            ],
            [
              113.03896057724201,
              21.29796010292316
            ],
            [
              113.2644,
              21.2891
            ],
            [
              113.48983942275798,
              21.29796010292316
            ],
            [
              113.71310774063708,
              21.32445508405806
            ],
            [
              113.93205475768525,
              21.368329782252736
            ],
            [
              114.14457189443971,
              21.429161660179233
            ],
            [
              114.3486124946998,
              21.50636487359903
            ],
            [
              114.54221153594509,
              21.599195913363317
            ],
            [
              114.72350455357638,
              21.706760765812565
            ],
            [
              114.89074559672905,
              21.828023522616753
            ],
            [
              115.0423240427343,
              21.961816357138893
            ],
            [
              115.17678010829584,
              22.106850771243934
            ],
            [
              115.29281890800121,
              22.261730004240164
            ],
            [
              115.38932292477595,
              22.424962484448233
            ],
            [
              115.46536277218408,
              22.59497619385179
            ],
            [
              115.52020614492743,
              22.770133807490325
            ],
            [
              115.55332487134605,
              22.94874846179361
            ],
            [
              115.56439999999999,
              23.1291
            ]
          ]
        ]
      }
    },
    {
      "type": "Feature",
      "properties": {
        "name": "Guangxi",
        "center": [
          108.3275,
          22.815
        ],
        "radius": 2.5
      },
      "geometry": {
        "type": "Polygon",
        "coordinates": [
          [
            [
              110.8275,
              22.815
            ],
            [
              110.8154618166805,
              23.01103428065912
            ],
            [
              110.77946320100807,
              23.205180644032257
            ],
            [
              110.71985083933052,
              23.395569354508925
            ],
            [
              110.63719883127821,
              23.58036686473018
            ],
            [
              110.53230316087088,
              23.757793473651997
            ],
            [
              110.40617403075636,
              23.926140466039207
            ],
            [
              110.26002613340684,
              24.08378656832729
            ],
            [
              110.09526695296637,
              24.229213562373097
            ],
            [
              109.91348321040911,
              24.361020906725475
            ],
            [
              109.71642558254901,
              24.47793922460509
            ],
            [
              109.505991842065,
              24.57884252869671
            ],
            [
              109.28420858091272,
              24.662759065022573
            ],
            [
              109.05321169313616,
              24.72888067146442
            ],
            [
              108.81522580504033,
              24.776570560806462
            ],
            [
              108.57254285082391,
              24.805369453344394
            ],
            [
              108.3275,
              24.815
            ],
            [
              108.0824571491761,
              24.805369453344394
            ],
            [
              107.83977419495967,
              24.776570560806462
            ],
            [
              107.60178830686384,
              24.72888067146442
            ],
            [
              107.37079141908728,
              24.662759065022573
            ],
            [
              107.149008157935,
              24.57884252869671
            ],
            [
              106.938574417451,
              24.47793922460509
            ],
            [
              106.74151678959089,
              24.361020906725475
            ],
            [
              106.55973304703363,
              24.229213562373097
            ],
            [
              106.39497386659316,
              24.08378656832729
            ],
            [
              106.24882596924364,
              23.926140466039207
            ],
            [
              106.12269683912912,
              23.757793473651997
            ],
            [
              106.01780116872179,
              23.58036686473018
            ],
            [
              105.93514916066948,
              23.395569354508925
            ],
            [
              105.87553679899193,
              23.205180644032257
            ],
            [
              105.8395381833195,
              23.01103428065912
            ],
            [
              105.8275,
              22.815
            ],
            [
              105.8395381833195,
              22.61896571934088
            ],
            [
              105.87553679899193,
              22.424819355967745
            ],
            [
              105.93514916066948,
              22.234430645491077
            ],
            [
              106.01780116872179,
              22.049633135269822
            ],
            [
              106.12269683912912,
              21.872206526348005
            ],
            [
              106.24882596924364,
              21.7038595339608
            ],
            [
              106.39497386659316,
              21.54621343167271
            ],
            [
              106.55973304703363,
              21.400786437626905
            ],
            [
              106.74151678959089,
              21.268979093274528
            ],
            [
              106.938574417451,
              21.15206077539491
            ],
            [
              107.149008157935,
              21.05115747130329
            ],
            [
              107.37079141908727,
              20.96724093497743
            ],
            [
              107.60178830686384,
              20.901119328535582
            ],
            [
              107.83977419495967,
              20.85342943919354
            ],
            [
              108.0824571491761,
              20.82463054665561
            ],
            [
              108.3275,
              20.815
            ],
            [
              108.57254285082391,
              20.82463054665561
            ],
            [
              108.81522580504033,
              20.85342943919354
            ],
            [
              109.05321169313615,
              20.901119328535582
            ],
            [
              109.28420858091273,
              20.96724093497743
            ],
            [
              109.505991842065,
              21.05115747130329
            ],
            [
              109.71642558254901,
              21.15206077539491
            ],
            [
              109.91348321040911,
              21.268979093274528
            ],
            [
              110.09526695296637,
              21.400786437626905
            ],
            [
              110.26002613340684,
              21.546213431672708
            ],
            [
              110.40617403075636,
              21.703859533960795
            ],
            [
              110.53230316087088,
              21.872206526348005
            ],
            [
              110.63719883127821,
              22.049633135269822
            ],
            [
              110.71985083933052,
              22.234430645491077
            ],
            [
              110.77946320100807,
              22.424819355967745
            ],
            [
              110.8154618166805,
              22.61896571934088
            ],
            [
              110.8275,
              22.815
            ]
          ]
        ]
      }
    },
    {
      "type": "Feature",
      "properties": {
        "name": "Guizhou",
        "center": [
          106.7135,
          26.5783
        ],
        "radius": 2
      },
      "geometry": {
        "type": "Polygon",
        "coordinates": [
          [
            [
              108.7135,
              26.5783
            ],
            [
              108.7038694533444,
              26.735127424527295
            ],
            [
              108.67507056080646,
              26.890444515225806
            ],
            [
              108.62738067146441,
              27.042755483607138
            ],
            [
              108.56125906502257,
              27.190593491784142
            ],
            [
              108.47734252869671,
              27.332534778921595
            ],
            [
              108.3764392246051,
              27.467212372831362
            ],
            [
              108.25952090672547,
              27.593329254661832
            ],
            [
              108.12771356237309,
              27.709670849898476
            ],
            [
              107.98228656832728,
              27.815116725380378
            ],
            [
              107.8246404660392,
              27.90865137968407
            ],
            [
              107.65629347365198,
              27.989374022957367
            ],
            [
              107.47886686473018,
              28.056507252018058
            ],
            [
              107.29406935450892,
              28.10940453717153
            ],
            [
              107.10368064403225,
              28.14755644864517
            ],
            [
              106.90953428065912,
              28.170595562675516
            ],
            [
              106.7135,
              28.1783
            ],
            [
              106.51746571934088,
              28.170595562675516
            ],
            [
              106.32331935596774,
              28.14755644864517
            ],
            [
              106.13293064549107,
              28.10940453717153
            ],
            [
              105.94813313526981,
              28.056507252018058
            ],
            [
              105.77070652634801,
              27.989374022957367
            ],
            [
              105.6023595339608,
              27.90865137968407
            ],
            [
              105.44471343167271,
              27.815116725380378
            ],
            [
              105.2992864376269,
              27.709670849898476
            ],
            [
              105.16747909327452,
              27.593329254661832
            ],
            [
              105.0505607753949,
              27.467212372831362
            ],
            [
              104.94965747130328,
              27.332534778921595
            ],
            [
              104.86574093497742,
              27.190593491784142
            ],
            [
              104.79961932853558,
              27.042755483607138
            ],
            [
              104.75192943919353,
              26.890444515225806
            ],
            [
              104.7231305466556,
              26.735127424527295
            ],
            [
              104.7135,
              26.5783
            ],
            [
              104.7231305466556,
              26.421472575472702
            ],
            [
              104.75192943919353,
              26.266155484774192
            ],
            [
              104.79961932853558,
              26.11384451639286
            ],
            [
              104.86574093497742,
              25.966006508215855
            ],
            [
              104.94965747130328,
              25.824065221078403
            ],
            [
              105.0505607753949,
              25.689387627168635
            ],
            [
              105.16747909327452,
              25.563270745338166
            ],
            [
              105.2992864376269,
              25.44692915010152
            ],
            [
              105.44471343167271,
              25.34148327461962
            ],
            [
              105.6023595339608,
              25.247948620315928
            ],
            [
              105.770706526348,
              25.16722597704263
            ],
            [
              105.94813313526981,
              25.10009274798194
            ],
            [
              106.13293064549107,
              25.047195462828466
            ],
            [
              106.32331935596774,
              25.00904355135483
            ],
            [
              106.51746571934088,
              24.986004437324482
            ],
            [
              106.7135,
              24.978299999999997
            ],
            [
              106.90953428065912,
              24.986004437324482
            ],
            [
              107.10368064403225,
              25.00904355135483
            ],
            [
              107.29406935450892,
              25.047195462828466
            ],
            [
              107.47886686473018,
              25.10009274798194
            ],
            [
              107.65629347365198,
              25.16722597704263
            ],
            [
              107.8246404660392,
              25.247948620315924
            ],
            [
              107.98228656832728,
              25.34148327461962
            ],
            [
              108.12771356237309,
              25.44692915010152
            ],
            [
              108.25952090672547,
              25.563270745338166
            ],
            [
              108.3764392246051,
              25.689387627168635
            ],
            [
              108.47734252869671,
              25.824065221078403
            ],
            [
              108.56125906502257,
              25.966006508215855
            ],
            [
              108.62738067146441,
              26.11384451639286
            ],
            [
              108.67507056080646,
              26.266155484774192
            ],
            [
              108.7038694533444,
              26.421472575472702
            ],
            [
              108.7135,
              26.5783
            ]
          ]
        ]
      }
    },
    {
      "type": "Feature",
      "properties": {
        "name": "Hainan",
        "center": [
          110.1999,
          20.044
        ],
        "radius": 1
      },
      "geometry": {
        "type": "Polygon",
        "coordinates": [
          [
            [
              111.1999,
              20.044
            ],
            [
              111.19508472667219,
              20.12241371226365
            ],
            [
              111.18068528040322,
              20.200072257612902
            ],
            [
              111.15684033573221,
              20.27622774180357
            ],
            [
              111.12377953251129,
              20.350146745892072
            ],
            [
              111.08182126434835,
              20.4211173894608
            ],
            [
              111.03136961230254,
              20.488456186415682
            ],
            [
              110.97291045336274,
              20.551514627330917
            ],
            [
              110.90700678118655,
              20.609685424949237
            ],
            [
              110.83429328416365,
              20.66240836269019
            ],
            [
              110.75547023301961,
              20.709175689842038
            ],
            [
              110.671296736826,
              20.749537011478683
            ],
            [
              110.58258343236508,
              20.78310362600903
            ],
            [
              110.49018467725446,
              20.80955226858577
            ],
            [
              110.39499032201613,
              20.828628224322586
            ],
            [
              110.29791714032956,
              20.84014778133776
            ],
            [
              110.1999,
              20.844
            ],
            [
              110.10188285967044,
              20.84014778133776
            ],
            [
              110.00480967798387,
              20.828628224322586
            ],
            [
              109.90961532274554,
              20.80955226858577
            ],
            [
              109.81721656763492,
              20.78310362600903
            ],
            [
              109.728503263174,
              20.749537011478683
            ],
            [
              109.64432976698039,
              20.709175689842038
            ],
            [
              109.56550671583635,
              20.66240836269019
            ],
            [
              109.49279321881345,
              20.609685424949237
            ],
            [
              109.42688954663726,
              20.551514627330917
            ],
            [
              109.36843038769746,
              20.488456186415682
            ],
            [
              109.31797873565165,
              20.4211173894608
            ],
            [
              109.2760204674887,
              20.350146745892072
            ],
            [
              109.24295966426779,
              20.27622774180357
            ],
            [
              109.21911471959677,
              20.200072257612902
            ],
            [
              109.2047152733278,
              20.12241371226365
            ],
            [
              109.1999,
              20.044
            ],
            [
              109.2047152733278,
              19.96558628773635
            ],
            [
              109.21911471959677,
              19.8879277423871
            ],
            [
              109.24295966426779,
              19.81177225819643
            ],
            [
              109.2760204674887,
              19.73785325410793
            ],
            [
              109.31797873565165,
              19.6668826105392
            ],
            [
              109.36843038769746,
              19.59954381358432
            ],
            [
              109.42688954663726,
              19.536485372669084
            ],
            [
              109.49279321881345,
              19.478314575050764
            ],
            [
              109.56550671583635,
              19.42559163730981
            ],
            [
              109.64432976698039,
              19.378824310157963
            ],
            [
              109.728503263174,
              19.338462988521318
            ],
            [
              109.81721656763492,
              19.30489637399097
            ],
            [
              109.90961532274554,
              19.278447731414232
            ],
            [
              110.00480967798387,
              19.259371775677415
            ],
            [
              110.10188285967044,
              19.247852218662242
            ],
            [
              110.1999,
              19.244
            ],
            [
              110.29791714032956,
              19.247852218662242
            ],
            [
              110.39499032201613,
              19.259371775677415
            ],
            [
              110.49018467725446,
              19.278447731414232
            ],
            [
              110.58258343236508,
              19.30489637399097
            ],
            [
              110.671296736826,
              19.338462988521318
            ],
            [
              110.75547023301961,
              19.378824310157963
            ],
            [
              110.83429328416365,
              19.42559163730981
            ],
            [
              110.90700678118655,
              19.478314575050764
            ],
            [
              110.97291045336273,
              19.536485372669084
            ],
            [
              111.03136961230254,
              19.59954381358432
            ],
            [
              111.08182126434835,
              19.6668826105392
            ],
            [
              111.12377953251129,
              19.73785325410793
            ],
            [
              111.15684033573221,
              19.81177225819643
            ],
            [
              111.18068528040322,
              19.8879277423871
            ],
            [
              111.19508472667219,
              19.96558628773635
            ],
            [
              111.1999,
              20.044
            ]
          ]
        ]
      }
    },
    {
      "type": "Feature",
      "properties": {
        "name": "Heilongjiang",
        "center": [
          126.5349,
          45.8038
        ],
        "radius": 3.6
      },
      "geometry": {
        "type": "Polygon",
        "coordinates": [
          [
            [
              130.1349,
              45.8038
            ],
            [
              130.1175650160199,
              46.08608936414914
            ],
            [
              130.06572700945162,
              46.36566012740645
            ],
            [
              129.97988520863595,
              46.63981987049286
            ],
            [
              129.86086631704063,
              46.90592828521146
            ],
            [
              129.70981655165406,
              47.16142260205888
            ],
            [
              129.52819060428916,
              47.40384227109646
            ],
            [
              129.31773763210586,
              47.630852658391305
            ],
            [
              129.08048441227157,
              47.84026752981726
            ],
            [
              128.8187158229891,
              48.030070105684686
            ],
            [
              128.53495283887057,
              48.19843248343133
            ],
            [
              128.2319282525736,
              48.343733241323264
            ],
            [
              127.91256035651432,
              48.464573053632506
            ],
            [
              127.57992483811606,
              48.55978816690877
            ],
            [
              127.23722515925806,
              48.628461607561306
            ],
            [
              126.8877617051864,
              48.66993201281593
            ],
            [
              126.5349,
              48.683800000000005
            ],
            [
              126.18203829481358,
              48.66993201281593
            ],
            [
              125.83257484074193,
              48.628461607561306
            ],
            [
              125.48987516188393,
              48.55978816690877
            ],
            [
              125.15723964348567,
              48.464573053632506
            ],
            [
              124.8378717474264,
              48.343733241323264
            ],
            [
              124.53484716112942,
              48.19843248343133
            ],
            [
              124.25108417701087,
              48.030070105684686
            ],
            [
              123.98931558772843,
              47.84026752981726
            ],
            [
              123.75206236789414,
              47.630852658391305
            ],
            [
              123.54160939571084,
              47.40384227109646
            ],
            [
              123.35998344834591,
              47.16142260205888
            ],
            [
              123.20893368295935,
              46.90592828521146
            ],
            [
              123.08991479136404,
              46.63981987049286
            ],
            [
              123.00407299054837,
              46.36566012740645
            ],
            [
              122.95223498398009,
              46.08608936414914
            ],
            [
              122.9349,
              45.8038
            ],
            [
              122.95223498398009,
              45.521510635850866
            ],
            [
              123.00407299054837,
              45.241939872593555
            ],
            [
              123.08991479136404,
              44.967780129507155
            ],
            [
              123.20893368295935,
              44.701671714788546
            ],
            [
              123.35998344834591,
              44.44617739794113
            ],
            [
              123.54160939571084,
              44.20375772890355
            ],
            [
              123.75206236789414,
              43.97674734160871
            ],
            [
              123.98931558772843,
              43.767332470182744
            ],
            [
              124.25108417701087,
              43.57752989431532
            ],
            [
              124.53484716112942,
              43.40916751656867
            ],
            [
              124.8378717474264,
              43.26386675867674
            ],
            [
              125.15723964348567,
              43.1430269463675
            ],
            [
              125.48987516188393,
              43.04781183309124
            ],
            [
              125.83257484074193,
              42.9791383924387
            ],
            [
              126.18203829481358,
              42.93766798718408
            ],
            [
              126.5349,
              42.9238
            ],
            [
              126.8877617051864,
              42.93766798718408
            ],
            [
              127.23722515925806,
              42.9791383924387
            ],
            [
              127.57992483811606,
              43.04781183309124
            ],
            [
              127.91256035651432,
              43.1430269463675
            ],
            [
              128.2319282525736,
              43.26386675867674
            ],
            [
              128.53495283887057,
              43.40916751656867
            ],
            [
              128.8187158229891,
              43.57752989431532
            ],
            [
              129.08048441227157,
              43.767332470182744
            ],
            [
              129.31773763210583,
              43.9767473416087
            ],
            [
              129.52819060428916,
              44.20375772890355
            ],
            [
              129.70981655165406,
              44.44617739794113
            ],
            [
              129.86086631704063,
              44.70167171478854
            ],
            [
              129.97988520863595,
              44.96778012950715
            ],
            [
              130.06572700945162,
              45.241939872593555
            ],
            [
              130.1175650160199,
              45.521510635850866
            ],
            [
              130.1349,
              45.8038
            ]
          ]
        ]
      }
    },
    {
      "type": "Feature",
      "properties": {
        "name": "Hubei",
        "center": [
          114.3055,
          30.5928
        ],
        "radius": 2.3
      },
      "geometry": {
        "type": "Polygon",
        "coordinates": [
          [
            [
              116.60549999999999,
              30.5928
            ],
            [
              116.59442487134605,
              30.773151538206392
            ],
            [
              116.56130614492743,
              30.951766192509677
            ],
            [
              116.50646277218408,
              31.126923806148213
            ],
            [
              116.43042292477595,
              31.296937515551765
            ],
            [
              116.33391890800121,
              31.460169995759834
            ],
            [
              116.21788010829584,
              31.615049228756067
            ],
            [
              116.0834240427343,
              31.760083642861108
            ],
            [
              115.93184559672905,
              31.893876477383248
            ],
            [
              115.76460455357638,
              32.01513923418744
            ],
            [
              115.58331153594509,
              32.12270408663668
            ],
            [
              115.3897124946998,
              32.21553512640097
            ],
            [
              115.18567189443971,
              32.292738339820765
            ],
            [
              114.97315475768526,
              32.35357021774726
            ],
            [
              114.75420774063709,
              32.397444915941946
            ],
            [
              114.53093942275798,
              32.42393989707684
            ],
            [
              114.3055,
              32.4328
            ],
            [
              114.08006057724201,
              32.42393989707684
            ],
            [
              113.8567922593629,
              32.397444915941946
            ],
            [
              113.63784524231473,
              32.35357021774726
            ],
            [
              113.42532810556028,
              32.292738339820765
            ],
            [
              113.2212875053002,
              32.21553512640097
            ],
            [
              113.0276884640549,
              32.12270408663668
            ],
            [
              112.84639544642361,
              32.01513923418744
            ],
            [
              112.67915440327094,
              31.893876477383248
            ],
            [
              112.5275759572657,
              31.760083642861108
            ],
            [
              112.39311989170415,
              31.615049228756067
            ],
            [
              112.27708109199878,
              31.460169995759838
            ],
            [
              112.18057707522404,
              31.296937515551765
            ],
            [
              112.10453722781591,
              31.126923806148213
            ],
            [
              112.04969385507256,
              30.951766192509677
            ],
            [
              112.01657512865394,
              30.773151538206392
            ],
            [
              112.0055,
              30.5928
            ],
            [
              112.01657512865394,
              30.41244846179361
            ],
            [
              112.04969385507256,
              30.233833807490324
            ],
            [
              112.10453722781591,
              30.05867619385179
            ],
            [
              112.18057707522404,
              29.888662484448236
            ],
            [
              112.27708109199878,
              29.725430004240167
            ],
            [
              112.39311989170415,
              29.570550771243933
            ],
            [
              112.5275759572657,
              29.425516357138893
            ],
            [
              112.67915440327093,
              29.291723522616753
            ],
            [
              112.84639544642361,
              29.170460765812564
            ],
            [
              113.0276884640549,
              29.062895913363317
            ],
            [
              113.2212875053002,
              28.97006487359903
            ],
            [
              113.42532810556028,
              28.892861660179232
            ],
            [
              113.63784524231473,
              28.832029782252736
            ],
            [
              113.8567922593629,
              28.788155084058058
            ],
            [
              114.08006057724201,
              28.76166010292316
            ],
            [
              114.3055,
              28.7528
            ],
            [
              114.53093942275798,
              28.76166010292316
            ],
            [
              114.75420774063709,
              28.788155084058058
            ],
            [
              114.97315475768525,
              28.832029782252736
            ],
            [
              115.18567189443971,
              28.892861660179232
            ],
            [
              115.3897124946998,
              28.97006487359903
            ],
            [
              115.58331153594509,
              29.062895913363317
            ],
            [
              115.76460455357638,
              29.170460765812564
            ],
            [
              115.93184559672905,
              29.291723522616753
            ],
            [
              116.0834240427343,
              29.425516357138893
            ],
            [
              116.21788010829584,
              29.570550771243933
            ],
            [
              116.33391890800121,
              29.725430004240163
            ],
            [
              116.43042292477595,
              29.888662484448233
            ],
            [
              116.50646277218408,
              30.058676193851788
            ],
            [
              116.56130614492743,
              30.233833807490324
            ],
            [
              116.59442487134605,
              30.41244846179361
            ],
            [
              116.60549999999999,
              30.5928
            ]
          ]
        ]
      }
    },
    {
      "type": "Feature",
      "properties": {
        "name": "Hunan",
        "center": [
          112.9823,
          28.1941
        ],
        "radius": 2.4
      },
      "geometry": {
        "type": "Polygon",
        "coordinates": [
          [
            [
              115.3823,
              28.1941
            ],
            [
              115.37074334401326,
              28.382292909432756
            ],
            [
              115.33618467296775,
              28.568673418270965
            ],
            [
              115.27895680575729,
              28.751446580328565
            ],
            [
              115.19961087802709,
              28.928852190140972
            ],
            [
              115.09891103443604,
              29.099181734705915
            ],
            [
              114.9778270695261,
              29.260794847397634
            ],
            [
              114.83752508807056,
              29.4121351055942
            ],
            [
              114.6793562748477,
              29.55174501987817
            ],
            [
              114.50484388199274,
              29.678280070456452
            ],
            [
              114.31566855924704,
              29.790521655620886
            ],
            [
              114.11365216838239,
              29.88738882754884
            ],
            [
              113.90074023767622,
              29.96794870242167
            ],
            [
              113.6789832254107,
              30.03142544460584
            ],
            [
              113.4505167728387,
              30.077207738374202
            ],
            [
              113.21754113679094,
              30.104854675210618
            ],
            [
              112.9823,
              30.1141
            ],
            [
              112.74705886320905,
              30.104854675210618
            ],
            [
              112.5140832271613,
              30.077207738374202
            ],
            [
              112.28561677458929,
              30.03142544460584
            ],
            [
              112.06385976232377,
              29.96794870242167
            ],
            [
              111.8509478316176,
              29.88738882754884
            ],
            [
              111.64893144075295,
              29.790521655620886
            ],
            [
              111.45975611800725,
              29.678280070456452
            ],
            [
              111.28524372515228,
              29.55174501987817
            ],
            [
              111.12707491192943,
              29.4121351055942
            ],
            [
              110.98677293047389,
              29.260794847397634
            ],
            [
              110.86568896556395,
              29.099181734705915
            ],
            [
              110.7649891219729,
              28.928852190140972
            ],
            [
              110.6856431942427,
              28.751446580328565
            ],
            [
              110.62841532703224,
              28.568673418270965
            ],
            [
              110.59385665598673,
              28.382292909432756
            ],
            [
              110.58229999999999,
              28.1941
            ],
            [
              110.59385665598673,
              28.00590709056724
            ],
            [
              110.62841532703224,
              27.819526581729033
            ],
            [
              110.68564319424269,
              27.636753419671432
            ],
            [
              110.7649891219729,
              27.459347809859025
            ],
            [
              110.86568896556395,
              27.289018265294082
            ],
            [
              110.98677293047389,
              27.127405152602364
            ],
            [
              111.12707491192943,
              26.9760648944058
            ],
            [
              111.28524372515228,
              26.83645498012183
            ],
            [
              111.45975611800725,
              26.709919929543545
            ],
            [
              111.64893144075295,
              26.597678344379112
            ],
            [
              111.8509478316176,
              26.500811172451158
            ],
            [
              112.06385976232377,
              26.42025129757833
            ],
            [
              112.28561677458929,
              26.356774555394157
            ],
            [
              112.51408322716128,
              26.310992261625795
            ],
            [
              112.74705886320905,
              26.28334532478938
            ],
            [
              112.9823,
              26.274099999999997
            ],
            [
              113.21754113679094,
              26.28334532478938
            ],
            [
              113.4505167728387,
              26.310992261625795
            ],
            [
              113.6789832254107,
              26.356774555394157
            ],
            [
              113.90074023767622,
              26.42025129757833
            ],
            [
              114.11365216838239,
              26.500811172451158
            ],
            [
              114.31566855924704,
              26.597678344379112
            ],
            [
              114.50484388199274,
              26.709919929543545
            ],
            [
              114.6793562748477,
              26.83645498012183
            ],
            [
              114.83752508807056,
              26.9760648944058
            ],
            [
              114.9778270695261,
              27.127405152602364
            ],
            [
              115.09891103443604,
              27.289018265294082
            ],
            [
              115.19961087802709,
              27.459347809859025
            ],
            [
              115.27895680575729,
              27.636753419671432
            ],
            [
              115.33618467296775,
              27.819526581729033
            ],
            [
              115.37074334401326,
              28.00590709056724
            ],
            [
              115.3823,
              28.1941
            ]
          ]
        ]
      }
    },
    {
      "type": "Feature",
      "properties": {
        "name": "Jiangsu",
        "center": [
          118.7969,
          32.0603
        ],
        "radius": 2
      },
      "geometry": {
        "type": "Polygon",
        "coordinates": [
          [
            [
              120.7969,
              32.0603
            ],
            [
              120.7872694533444,
              32.2171274245273
            ],
            [
              120.75847056080646,
              32.3724445152258
            ],
            [
              120.7107806714644,
              32.52475548360714
            ],
            [
              120.64465906502257,
              32.67259349178414
            ],
            [
              120.56074252869671,
              32.8145347789216
            ],
            [
              120.45983922460509,
              32.94921237283136
            ],
            [
              120.34292090672547,
              33.07532925466183
            ],
            [
              120.21111356237309,
              33.19167084989847
            ],
            [
              120.06568656832728,
              33.29711672538038
            ],
            [
              119.9080404660392,
              33.39065137968407
            ],
            [
              119.73969347365198,
              33.47137402295736
            ],
            [
              119.56226686473018,
              33.53850725201806
            ],
            [
              119.37746935450892,
              33.591404537171535
            ],
            [
              119.18708064403225,
              33.62955644864517
            ],
            [
              118.99293428065911,
              33.652595562675515
            ],
            [
              118.7969,
              33.6603
            ],
            [
              118.60086571934087,
              33.652595562675515
            ],
            [
              118.40671935596774,
              33.62955644864517
            ],
            [
              118.21633064549107,
              33.591404537171535
            ],
            [
              118.03153313526981,
              33.53850725201806
            ],
            [
              117.854106526348,
              33.47137402295736
            ],
            [
              117.68575953396079,
              33.39065137968407
            ],
            [
              117.52811343167271,
              33.29711672538038
            ],
            [
              117.3826864376269,
              33.19167084989847
            ],
            [
              117.25087909327452,
              33.07532925466183
            ],
            [
              117.1339607753949,
              32.94921237283136
            ],
            [
              117.03305747130328,
              32.8145347789216
            ],
            [
              116.94914093497742,
              32.67259349178414
            ],
            [
              116.88301932853558,
              32.52475548360714
            ],
            [
              116.83532943919353,
              32.3724445152258
            ],
            [
              116.8065305466556,
              32.2171274245273
            ],
            [
              116.7969,
              32.0603
            ],
            [
              116.8065305466556,
              31.9034725754727
            ],
            [
              116.83532943919353,
              31.74815548477419
            ],
            [
              116.88301932853558,
              31.59584451639286
            ],
            [
              116.94914093497742,
              31.448006508215855
            ],
            [
              117.03305747130328,
              31.306065221078402
            ],
            [
              117.1339607753949,
              31.171387627168635
            ],
            [
              117.25087909327452,
              31.045270745338165
            ],
            [
              117.3826864376269,
              30.92892915010152
            ],
            [
              117.52811343167271,
              30.82348327461962
            ],
            [
              117.68575953396079,
              30.729948620315927
            ],
            [
              117.854106526348,
              30.64922597704263
            ],
            [
              118.03153313526981,
              30.58209274798194
            ],
            [
              118.21633064549107,
              30.529195462828465
            ],
            [
              118.40671935596774,
              30.491043551354828
            ],
            [
              118.60086571934087,
              30.46800443732448
            ],
            [
              118.7969,
              30.460299999999997
            ],
            [
              118.99293428065911,
              30.46800443732448
            ],
            [
              119.18708064403225,
              30.491043551354828
            ],
            [
              119.37746935450892,
              30.529195462828465
            ],
            [
              119.56226686473018,
              30.58209274798194
            ],
            [
              119.73969347365198,
              30.64922597704263
            ],
            [
              119.9080404660392,
              30.729948620315923
            ],
            [
              120.06568656832728,
              30.82348327461962
            ],
            [
              120.21111356237309,
              30.92892915010152
            ],
            [
              120.34292090672547,
              31.045270745338165
            ],
            [
              120.45983922460509,
              31.171387627168635
            ],
            [
              120.56074252869671,
              31.306065221078402
            ],
            [
              120.64465906502257,
              31.448006508215855
            ],
            [
              120.7107806714644,
              31.59584451639286
            ],
            [
              120.75847056080646,
              31.74815548477419
            ],
            [
              120.7872694533444,
              31.9034725754727
            ],
            [
              120.7969,
              32.0603
            ]
          ]
        ]
      }
    },
    {
      "type": "Feature",
      "properties": {
        "name": "Jiangxi",
        "center": [
          115.8922,
          28.6765
        ],
        "radius": 2.2
      },
      "geometry": {
        "type": "Polygon",
        "coordinates": [
          [
            [
              118.0922,
              28.6765
            ],
            [
              118.08160639867883,
              28.849010166980026
            ],
            [
              118.0499276168871,
              29.019858966748387
            ],
            [
              117.99746873861086,
              29.187401031967855
            ],
            [
              117.92473497152483,
              29.35002284096256
            ],
            [
              117.83242678156638,
              29.506158256813755
            ],
            [
              117.7214331470656,
              29.6543036101145
            ],
            [
              117.59282299739803,
              29.793032180128016
            ],
            [
              117.44783491861041,
              29.921007934888323
            ],
            [
              117.28786522516002,
              30.036998397918417
            ],
            [
              117.11445451264312,
              30.13988651765248
            ],
            [
              116.9292728210172,
              30.228681425253107
            ],
            [
              116.7341035512032,
              30.302527977219867
            ],
            [
              116.53082628995982,
              30.360714990888688
            ],
            [
              116.32139870843548,
              30.402682093509686
            ],
            [
              116.10783770872504,
              30.42802511894307
            ],
            [
              115.8922,
              30.436500000000002
            ],
            [
              115.67656229127496,
              30.42802511894307
            ],
            [
              115.46300129156452,
              30.402682093509686
            ],
            [
              115.25357371004019,
              30.360714990888688
            ],
            [
              115.0502964487968,
              30.302527977219867
            ],
            [
              114.85512717898281,
              30.228681425253107
            ],
            [
              114.66994548735688,
              30.13988651765248
            ],
            [
              114.49653477483999,
              30.036998397918417
            ],
            [
              114.3365650813896,
              29.921007934888326
            ],
            [
              114.19157700260197,
              29.793032180128016
            ],
            [
              114.06296685293441,
              29.6543036101145
            ],
            [
              113.95197321843362,
              29.506158256813755
            ],
            [
              113.85966502847518,
              29.35002284096256
            ],
            [
              113.78693126138914,
              29.187401031967855
            ],
            [
              113.7344723831129,
              29.019858966748387
            ],
            [
              113.70279360132118,
              28.84901016698003
            ],
            [
              113.6922,
              28.6765
            ],
            [
              113.70279360132118,
              28.503989833019975
            ],
            [
              113.7344723831129,
              28.333141033251614
            ],
            [
              113.78693126138914,
              28.165598968032146
            ],
            [
              113.85966502847518,
              28.002977159037442
            ],
            [
              113.95197321843362,
              27.846841743186246
            ],
            [
              114.06296685293441,
              27.6986963898855
            ],
            [
              114.19157700260197,
              27.559967819871986
            ],
            [
              114.3365650813896,
              27.43199206511168
            ],
            [
              114.49653477483999,
              27.316001602081585
            ],
            [
              114.66994548735688,
              27.21311348234752
            ],
            [
              114.85512717898281,
              27.124318574746894
            ],
            [
              115.0502964487968,
              27.050472022780138
            ],
            [
              115.25357371004019,
              26.992285009111313
            ],
            [
              115.46300129156452,
              26.950317906490316
            ],
            [
              115.67656229127498,
              26.924974881056933
            ],
            [
              115.8922,
              26.9165
            ],
            [
              116.10783770872503,
              26.924974881056933
            ],
            [
              116.32139870843548,
              26.950317906490316
            ],
            [
              116.53082628995982,
              26.992285009111313
            ],
            [
              116.7341035512032,
              27.050472022780134
            ],
            [
              116.9292728210172,
              27.124318574746894
            ],
            [
              117.11445451264312,
              27.21311348234752
            ],
            [
              117.28786522516002,
              27.316001602081585
            ],
            [
              117.44783491861041,
              27.431992065111675
            ],
            [
              117.59282299739802,
              27.559967819871982
            ],
            [
              117.7214331470656,
              27.6986963898855
            ],
            [
              117.83242678156638,
              27.846841743186243
            ],
            [
              117.92473497152483,
              28.002977159037442
            ],
            [
              117.99746873861086,
              28.165598968032146
            ],
            [
              118.0499276168871,
              28.333141033251614
            ],
            [
              118.08160639867883,
              28.503989833019975
            ],
            [
              118.0922,
              28.6765
            ]
          ]
        ]
      }
    },
    {
      "type": "Feature",
      "properties": {
        "name": "Jilin",
        "center": [
          125.3257,
          43.8965
        ],
        "radius": 2.8
      },
      "geometry": {
        "type": "Polygon",
        "coordinates": [
          [
            [
              128.1257,
              43.8965
            ],
            [
              128.11221723468216,
              44.11605839433822
            ],
            [
              128.07189878512904,
              44.33350232131613
            ],
            [
              128.00513294005017,
              44.54673767705
            ],
            [
              127.9125626910316,
              44.75371088849781
            ],
            [
              127.7950795401754,
              44.95242869049024
            ],
            [
              127.65381491444712,
              45.14097732196391
            ],
            [
              127.49012926941566,
              45.31754095652657
            ],
            [
              127.30559898732233,
              45.48041918985787
            ],
            [
              127.1020011956582,
              45.62804341553253
            ],
            [
              126.88129665245488,
              45.7589919315577
            ],
            [
              126.6456108631128,
              45.87200363214032
            ],
            [
              126.39721361062225,
              45.965990152825285
            ],
            [
              126.13849709631249,
              46.04004635204015
            ],
            [
              125.87195290164516,
              46.09345902810324
            ],
            [
              125.60014799292277,
              46.125713787745724
            ],
            [
              125.3257,
              46.136500000000005
            ],
            [
              125.05125200707722,
              46.125713787745724
            ],
            [
              124.77944709835484,
              46.09345902810324
            ],
            [
              124.5129029036875,
              46.04004635204015
            ],
            [
              124.25418638937775,
              45.965990152825285
            ],
            [
              124.0057891368872,
              45.87200363214032
            ],
            [
              123.77010334754512,
              45.7589919315577
            ],
            [
              123.54939880434179,
              45.62804341553253
            ],
            [
              123.34580101267767,
              45.48041918985787
            ],
            [
              123.16127073058433,
              45.31754095652657
            ],
            [
              122.99758508555287,
              45.14097732196391
            ],
            [
              122.8563204598246,
              44.95242869049024
            ],
            [
              122.7388373089684,
              44.75371088849781
            ],
            [
              122.6462670599498,
              44.54673767705
            ],
            [
              122.57950121487096,
              44.33350232131613
            ],
            [
              122.53918276531785,
              44.11605839433822
            ],
            [
              122.5257,
              43.8965
            ],
            [
              122.53918276531785,
              43.67694160566179
            ],
            [
              122.57950121487096,
              43.459497678683874
            ],
            [
              122.6462670599498,
              43.24626232295001
            ],
            [
              122.7388373089684,
              43.0392891115022
            ],
            [
              122.8563204598246,
              42.84057130950977
            ],
            [
              122.99758508555287,
              42.6520226780361
            ],
            [
              123.16127073058433,
              42.475459043473435
            ],
            [
              123.34580101267767,
              42.31258081014214
            ],
            [
              123.54939880434179,
              42.164956584467475
            ],
            [
              123.77010334754512,
              42.034008068442304
            ],
            [
              124.0057891368872,
              41.920996367859686
            ],
            [
              124.25418638937775,
              41.82700984717472
            ],
            [
              124.5129029036875,
              41.752953647959856
            ],
            [
              124.77944709835484,
              41.69954097189677
            ],
            [
              125.05125200707722,
              41.66728621225428
            ],
            [
              125.3257,
              41.6565
            ],
            [
              125.60014799292277,
              41.66728621225428
            ],
            [
              125.87195290164516,
              41.69954097189677
            ],
            [
              126.13849709631249,
              41.752953647959856
            ],
            [
              126.39721361062225,
              41.82700984717472
            ],
            [
              126.6456108631128,
              41.920996367859686
            ],
            [
              126.88129665245488,
              42.034008068442304
            ],
            [
              127.1020011956582,
              42.164956584467475
            ],
            [
              127.30559898732233,
              42.31258081014214
            ],
            [
              127.49012926941566,
              42.475459043473435
            ],
            [
              127.65381491444712,
              42.6520226780361
            ],
            [
              127.7950795401754,
              42.84057130950977
            ],
            [
              127.9125626910316,
              43.0392891115022
            ],
            [
              128.00513294005017,
              43.24626232295001
            ],
            [
              128.07189878512904,
              43.459497678683874
            ],
            [
              128.11221723468216,
              43.67694160566179
            ],
            [
              128.1257,
              43.8965
            ]
          ]
        ]
      }
    },
    {
      "type": "Feature",
      "properties": {
        "name": "Liaoning",
        "center": [
          123.4315,
          41.8057
        ],
        "radius": 2.4
      },
      "geometry": {
        "type": "Polygon",
        "coordinates": [
          [
            [
              125.8315,
              41.8057
            ],
            [
              125.81994334401327,
              41.99389290943276
            ],
            [
              125.78538467296775,
              42.18027341827097
            ],
            [
              125.7281568057573,
              42.36304658032857
            ],
            [
              125.64881087802709,
              42.540452190140975
            ],
            [
              125.54811103443605,
              42.71078173470592
            ],
            [
              125.4270270695261,
              42.872394847397636
            ],
            [
              125.28672508807057,
              43.0237351055942
            ],
            [
              125.12855627484771,
              43.16334501987817
            ],
            [
              124.95404388199275,
              43.289880070456455
            ],
            [
              124.76486855924705,
              43.40212165562089
            ],
            [
              124.56285216838239,
              43.49898882754884
            ],
            [
              124.34994023767622,
              43.579548702421675
            ],
            [
              124.12818322541071,
              43.64302544460584
            ],
            [
              123.8997167728387,
              43.6888077383742
            ],
            [
              123.66674113679095,
              43.71645467521062
            ],
            [
              123.4315,
              43.7257
            ],
            [
              123.19625886320905,
              43.71645467521062
            ],
            [
              122.9632832271613,
              43.6888077383742
            ],
            [
              122.73481677458929,
              43.64302544460584
            ],
            [
              122.51305976232378,
              43.579548702421675
            ],
            [
              122.30014783161761,
              43.49898882754884
            ],
            [
              122.09813144075295,
              43.40212165562089
            ],
            [
              121.90895611800725,
              43.289880070456455
            ],
            [
              121.73444372515229,
              43.16334501987817
            ],
            [
              121.57627491192943,
              43.0237351055942
            ],
            [
              121.4359729304739,
              42.872394847397636
            ],
            [
              121.31488896556395,
              42.71078173470592
            ],
            [
              121.21418912197291,
              42.540452190140975
            ],
            [
              121.1348431942427,
              42.36304658032857
            ],
            [
              121.07761532703225,
              42.18027341827097
            ],
            [
              121.04305665598673,
              41.99389290943276
            ],
            [
              121.0315,
              41.8057
            ],
            [
              121.04305665598673,
              41.617507090567244
            ],
            [
              121.07761532703225,
              41.43112658172903
            ],
            [
              121.1348431942427,
              41.24835341967143
            ],
            [
              121.21418912197291,
              41.07094780985903
            ],
            [
              121.31488896556395,
              40.900618265294085
            ],
            [
              121.4359729304739,
              40.73900515260237
            ],
            [
              121.57627491192943,
              40.587664894405805
            ],
            [
              121.73444372515229,
              40.44805498012183
            ],
            [
              121.90895611800725,
              40.32151992954355
            ],
            [
              122.09813144075295,
              40.209278344379115
            ],
            [
              122.30014783161761,
              40.11241117245116
            ],
            [
              122.51305976232378,
              40.031851297578335
            ],
            [
              122.73481677458929,
              39.96837455539416
            ],
            [
              122.96328322716128,
              39.9225922616258
            ],
            [
              123.19625886320905,
              39.89494532478938
            ],
            [
              123.4315,
              39.8857
            ],
            [
              123.66674113679095,
              39.89494532478938
            ],
            [
              123.8997167728387,
              39.9225922616258
            ],
            [
              124.12818322541071,
              39.96837455539416
            ],
            [
              124.34994023767622,
              40.03185129757833
            ],
            [
              124.56285216838239,
              40.11241117245116
            ],
            [
              124.76486855924705,
              40.209278344379115
            ],
            [
              124.95404388199275,
              40.32151992954355
            ],
            [
              125.12855627484771,
              40.44805498012183
            ],
            [
              125.28672508807057,
              40.587664894405805
            ],
            [
              125.4270270695261,
              40.73900515260237
            ],
            [
              125.54811103443605,
              40.900618265294085
            ],
            [
              125.64881087802709,
              41.07094780985903
            ],
            [
              125.7281568057573,
              41.24835341967143
            ],
            [
              125.78538467296775,
              41.43112658172903
            ],
            [
              125.81994334401327,
              41.617507090567244
            ],
            [
              125.8315,
              41.8057
            ]
          ]
        ]
      }
    },
    {
      "type": "Feature",
      "properties": {
        "name": "Qinghai",
        "center": [
          101.7782,
          36.6171
        ],
        "radius": 3
      },
      "geometry": {
        "type": "Polygon",
        "coordinates": [
          [
            [
              104.7782,
              36.6171
            ],
            [
              104.76375418001659,
              36.85234113679095
            ],
            [
              104.72055584120969,
              37.08531677283871
            ],
            [
              104.64902100719662,
              37.31378322541071
            ],
            [
              104.54983859753386,
              37.535540237676216
            ],
            [
              104.42396379304506,
              37.74845216838239
            ],
            [
              104.27260883690764,
              37.95046855924704
            ],
            [
              104.09723136008822,
              38.13964388199275
            ],
            [
              103.89952034355964,
              38.31415627484771
            ],
            [
              103.68137985249093,
              38.47232508807057
            ],
            [
              103.44491069905881,
              38.61262706952611
            ],
            [
              103.192390210478,
              38.733711034436055
            ],
            [
              102.92625029709527,
              38.834410878027086
            ],
            [
              102.64905403176338,
              38.9137568057573
            ],
            [
              102.36347096604838,
              38.97098467296775
            ],
            [
              102.07225142098868,
              39.005543344013276
            ],
            [
              101.7782,
              39.0171
            ],
            [
              101.48414857901132,
              39.005543344013276
            ],
            [
              101.19292903395161,
              38.97098467296775
            ],
            [
              100.90734596823661,
              38.9137568057573
            ],
            [
              100.63014970290473,
              38.834410878027086
            ],
            [
              100.364009789522,
              38.733711034436055
            ],
            [
              100.11148930094119,
              38.61262706952611
            ],
            [
              99.87502014750906,
              38.47232508807057
            ],
            [
              99.65687965644035,
              38.31415627484772
            ],
            [
              99.45916863991178,
              38.13964388199275
            ],
            [
              99.28379116309236,
              37.95046855924704
            ],
            [
              99.13243620695494,
              37.74845216838239
            ],
            [
              99.00656140246613,
              37.535540237676216
            ],
            [
              98.90737899280337,
              37.31378322541071
            ],
            [
              98.83584415879031,
              37.08531677283871
            ],
            [
              98.7926458199834,
              36.85234113679095
            ],
            [
              98.7782,
              36.6171
            ],
            [
              98.7926458199834,
              36.381858863209054
            ],
            [
              98.83584415879031,
              36.14888322716129
            ],
            [
              98.90737899280337,
              35.92041677458929
            ],
            [
              99.00656140246613,
              35.698659762323786
            ],
            [
              99.13243620695494,
              35.48574783161761
            ],
            [
              99.28379116309236,
              35.28373144075296
            ],
            [
              99.45916863991178,
              35.094556118007254
            ],
            [
              99.65687965644035,
              34.92004372515229
            ],
            [
              99.87502014750906,
              34.76187491192943
            ],
            [
              100.11148930094119,
              34.62157293047389
            ],
            [
              100.364009789522,
              34.500488965563946
            ],
            [
              100.63014970290473,
              34.399789121972915
            ],
            [
              100.90734596823661,
              34.3204431942427
            ],
            [
              101.19292903395161,
              34.26321532703225
            ],
            [
              101.48414857901132,
              34.228656655986725
            ],
            [
              101.7782,
              34.2171
            ],
            [
              102.07225142098868,
              34.228656655986725
            ],
            [
              102.36347096604838,
              34.26321532703225
            ],
            [
              102.64905403176338,
              34.3204431942427
            ],
            [
              102.92625029709527,
              34.399789121972915
            ],
            [
              103.192390210478,
              34.500488965563946
            ],
            [
              103.44491069905881,
              34.62157293047389
            ],
            [
              103.68137985249093,
              34.76187491192943
            ],
            [
              103.89952034355964,
              34.92004372515228
            ],
            [
              104.0972313600882,
              35.09455611800725
            ],
            [
              104.27260883690764,
              35.28373144075296
            ],
            [
              104.42396379304506,
              35.48574783161761
            ],
            [
              104.54983859753386,
              35.698659762323786
            ],
            [
              104.64902100719662,
              35.92041677458929
            ],
            [
              104.72055584120969,
              36.14888322716129
            ],
            [
              104.76375418001659,
              36.381858863209054
            ],
            [
              104.7782,
              36.6171
            ]
          ]
        ]
      }
    },
    {
      "type": "Feature",
      "properties": {
        "name": "Shaanxi",
        "center": [
          108.9398,
          34.3416
        ],
        "radius": 2.5
      },
      "geometry": {
        "type": "Polygon",
        "coordinates": [
          [
            [
              111.4398,
              34.3416
            ],
            [
              111.4277618166805,
              34.53763428065912
            ],
            [
              111.39176320100808,
              34.731780644032256
            ],
            [
              111.33215083933052,
              34.922169354508924
            ],
            [
              111.24949883127822,
              35.10696686473018
            ],
            [
              111.14460316087089,
              35.284393473651996
            ],
            [
              111.01847403075637,
              35.4527404660392
            ],
            [
              110.87232613340684,
              35.61038656832729
            ],
            [
              110.70756695296637,
              35.75581356237309
            ],
            [
              110.52578321040912,
              35.88762090672547
            ],
            [
              110.32872558254901,
              36.00453922460509
            ],
            [
              110.118291842065,
              36.10544252869671
            ],
            [
              109.89650858091272,
              36.18935906502257
            ],
            [
              109.66551169313617,
              36.25548067146442
            ],
            [
              109.42752580504033,
              36.303170560806464
            ],
            [
              109.18484285082391,
              36.33196945334439
            ],
            [
              108.9398,
              36.3416
            ],
            [
              108.6947571491761,
              36.33196945334439
            ],
            [
              108.45207419495968,
              36.303170560806464
            ],
            [
              108.21408830686384,
              36.25548067146442
            ],
            [
              107.98309141908729,
              36.18935906502257
            ],
            [
              107.761308157935,
              36.10544252869671
            ],
            [
              107.550874417451,
              36.00453922460509
            ],
            [
              107.3538167895909,
              35.88762090672547
            ],
            [
              107.17203304703364,
              35.75581356237309
            ],
            [
              107.00727386659317,
              35.61038656832729
            ],
            [
              106.86112596924364,
              35.4527404660392
            ],
            [
              106.73499683912912,
              35.284393473651996
            ],
            [
              106.6301011687218,
              35.10696686473018
            ],
            [
              106.54744916066949,
              34.922169354508924
            ],
            [
              106.48783679899194,
              34.731780644032256
            ],
            [
              106.45183818331951,
              34.53763428065912
            ],
            [
              106.4398,
              34.3416
            ],
            [
              106.45183818331951,
              34.14556571934088
            ],
            [
              106.48783679899194,
              33.951419355967744
            ],
            [
              106.54744916066949,
              33.761030645491076
            ],
            [
              106.6301011687218,
              33.57623313526982
            ],
            [
              106.73499683912912,
              33.398806526348004
            ],
            [
              106.86112596924364,
              33.2304595339608
            ],
            [
              107.00727386659317,
              33.07281343167271
            ],
            [
              107.17203304703364,
              32.92738643762691
            ],
            [
              107.3538167895909,
              32.795579093274526
            ],
            [
              107.550874417451,
              32.67866077539491
            ],
            [
              107.761308157935,
              32.577757471303286
            ],
            [
              107.98309141908727,
              32.49384093497743
            ],
            [
              108.21408830686384,
              32.42771932853558
            ],
            [
              108.45207419495968,
              32.38002943919354
            ],
            [
              108.6947571491761,
              32.35123054665561
            ],
            [
              108.9398,
              32.3416
            ],
            [
              109.18484285082391,
              32.35123054665561
            ],
            [
              109.42752580504033,
              32.380029439193535
            ],
            [
              109.66551169313615,
              32.42771932853558
            ],
            [
              109.89650858091274,
              32.49384093497743
            ],
            [
              110.118291842065,
              32.577757471303286
            ],
            [
              110.32872558254901,
              32.67866077539491
            ],
            [
              110.52578321040912,
              32.795579093274526
            ],
            [
              110.70756695296637,
              32.92738643762691
            ],
            [
              110.87232613340684,
              33.07281343167271
            ],
            [
              111.01847403075637,
              33.2304595339608
            ],
            [
              111.14460316087089,
              33.398806526348004
            ],
            [
              111.24949883127822,
              33.57623313526982
            ],
            [
              111.33215083933052,
              33.761030645491076
            ],
            [
              111.39176320100808,
              33.951419355967744
            ],
            [
              111.4277618166805,
              34.14556571934088
            ],
            [
              111.4398,
              34.3416
            ]
          ]
        ]
      }
    },
    {
      "type": "Feature",
      "properties": {
        "name": "Shandong",
        "center": [
          117.0009,
          36.6758
        ],
        "radius": 2.4
      },
      "geometry": {
        "type": "Polygon",
        "coordinates": [
          [
            [
              119.40090000000001,
              36.6758
            ],
            [
              119.38934334401327,
              36.86399290943276
            ],
            [
              119.35478467296775,
              37.05037341827097
            ],
            [
              119.2975568057573,
              37.23314658032857
            ],
            [
              119.2182108780271,
              37.410552190140976
            ],
            [
              119.11751103443605,
              37.58088173470592
            ],
            [
              118.9964270695261,
              37.74249484739764
            ],
            [
              118.85612508807057,
              37.8938351055942
            ],
            [
              118.69795627484771,
              38.03344501987817
            ],
            [
              118.52344388199275,
              38.159980070456456
            ],
            [
              118.33426855924705,
              38.27222165562089
            ],
            [
              118.1322521683824,
              38.36908882754884
            ],
            [
              117.91934023767622,
              38.449648702421676
            ],
            [
              117.69758322541071,
              38.51312544460584
            ],
            [
              117.4691167728387,
              38.5589077383742
            ],
            [
              117.23614113679095,
              38.58655467521062
            ],
            [
              117.0009,
              38.595800000000004
            ],
            [
              116.76565886320905,
              38.58655467521062
            ],
            [
              116.5326832271613,
              38.5589077383742
            ],
            [
              116.30421677458929,
              38.51312544460584
            ],
            [
              116.08245976232378,
              38.449648702421676
            ],
            [
              115.86954783161761,
              38.36908882754884
            ],
            [
              115.66753144075295,
              38.27222165562089
            ],
            [
              115.47835611800726,
              38.159980070456456
            ],
            [
              115.30384372515229,
              38.03344501987817
            ],
            [
              115.14567491192943,
              37.8938351055942
            ],
            [
              115.0053729304739,
              37.74249484739764
            ],
            [
              114.88428896556395,
              37.58088173470592
            ],
            [
              114.78358912197291,
              37.410552190140976
            ],
            [
              114.70424319424271,
              37.23314658032857
            ],
            [
              114.64701532703225,
              37.05037341827097
            ],
            [
              114.61245665598673,
              36.86399290943276
            ],
            [
              114.6009,
              36.6758
            ],
            [
              114.61245665598673,
              36.487607090567245
            ],
            [
              114.64701532703225,
              36.30122658172903
            ],
            [
              114.70424319424271,
              36.11845341967143
            ],
            [
              114.78358912197291,
              35.94104780985903
            ],
            [
              114.88428896556395,
              35.770718265294086
            ],
            [
              115.0053729304739,
              35.60910515260237
            ],
            [
              115.14567491192943,
              35.457764894405805
            ],
            [
              115.30384372515229,
              35.31815498012183
            ],
            [
              115.47835611800726,
              35.19161992954355
            ],
            [
              115.66753144075295,
              35.079378344379116
            ],
            [
              115.86954783161761,
              34.98251117245116
            ],
            [
              116.08245976232378,
              34.901951297578336
            ],
            [
              116.30421677458929,
              34.838474555394164
            ],
            [
              116.53268322716129,
              34.7926922616258
            ],
            [
              116.76565886320905,
              34.765045324789384
            ],
            [
              117.0009,
              34.7558
            ],
            [
              117.23614113679095,
              34.765045324789384
            ],
            [
              117.4691167728387,
              34.7926922616258
            ],
            [
              117.69758322541071,
              34.838474555394164
            ],
            [
              117.91934023767622,
              34.901951297578336
            ],
            [
              118.1322521683824,
              34.98251117245116
            ],
            [
              118.33426855924705,
              35.079378344379116
            ],
            [
              118.52344388199275,
              35.19161992954355
            ],
            [
              118.69795627484771,
              35.31815498012183
            ],
            [
              118.85612508807057,
              35.457764894405805
            ],
            [
              118.9964270695261,
              35.60910515260237
            ],
            [
              119.11751103443605,
              35.770718265294086
            ],
            [
              119.2182108780271,
              35.94104780985903
            ],
            [
              119.2975568057573,
              36.11845341967143
            ],
            [
              119.35478467296775,
              36.30122658172903
            ],
            [
              119.38934334401327,
              36.487607090567245
            ],
            [
              119.40090000000001,
              36.6758
            ]
          ]
        ]
      }
    },
    {
      "type": "Feature",
      "properties": {
        "name": "Shanxi",
        "center": [
          112.5489,
          37.8706
        ],
        "radius": 2.2
      },
      "geometry": {
        "type": "Polygon",
        "coordinates": [
          [
            [
              114.7489,
              37.8706
            ],
            [
              114.73830639867883,
              38.04311016698003
            ],
            [
              114.7066276168871,
              38.213958966748386
            ],
            [
              114.65416873861086,
              38.38150103196786
            ],
            [
              114.58143497152483,
              38.54412284096256
            ],
            [
              114.48912678156638,
              38.70025825681376
            ],
            [
              114.3781331470656,
              38.8484036101145
            ],
            [
              114.24952299739803,
              38.98713218012802
            ],
            [
              114.10453491861041,
              39.11510793488833
            ],
            [
              113.94456522516002,
              39.23109839791842
            ],
            [
              113.77115451264312,
              39.333986517652484
            ],
            [
              113.5859728210172,
              39.422781425253106
            ],
            [
              113.3908035512032,
              39.496627977219866
            ],
            [
              113.18752628995982,
              39.554814990888694
            ],
            [
              112.97809870843548,
              39.59678209350969
            ],
            [
              112.76453770872504,
              39.62212511894307
            ],
            [
              112.5489,
              39.6306
            ],
            [
              112.33326229127496,
              39.62212511894307
            ],
            [
              112.11970129156452,
              39.59678209350969
            ],
            [
              111.91027371004019,
              39.554814990888694
            ],
            [
              111.7069964487968,
              39.496627977219866
            ],
            [
              111.51182717898281,
              39.422781425253106
            ],
            [
              111.32664548735688,
              39.333986517652484
            ],
            [
              111.15323477483999,
              39.23109839791842
            ],
            [
              110.9932650813896,
              39.11510793488833
            ],
            [
              110.84827700260198,
              38.98713218012802
            ],
            [
              110.71966685293441,
              38.8484036101145
            ],
            [
              110.60867321843362,
              38.70025825681376
            ],
            [
              110.51636502847518,
              38.54412284096256
            ],
            [
              110.44363126138914,
              38.38150103196786
            ],
            [
              110.3911723831129,
              38.213958966748386
            ],
            [
              110.35949360132118,
              38.04311016698003
            ],
            [
              110.3489,
              37.8706
            ],
            [
              110.35949360132118,
              37.69808983301998
            ],
            [
              110.3911723831129,
              37.52724103325162
            ],
            [
              110.44363126138914,
              37.35969896803215
            ],
            [
              110.51636502847518,
              37.19707715903745
            ],
            [
              110.60867321843362,
              37.040941743186245
            ],
            [
              110.71966685293441,
              36.892796389885504
            ],
            [
              110.84827700260198,
              36.754067819871985
            ],
            [
              110.9932650813896,
              36.62609206511168
            ],
            [
              111.15323477483999,
              36.51010160208158
            ],
            [
              111.32664548735688,
              36.40721348234752
            ],
            [
              111.51182717898281,
              36.3184185747469
            ],
            [
              111.7069964487968,
              36.24457202278014
            ],
            [
              111.91027371004019,
              36.18638500911131
            ],
            [
              112.11970129156452,
              36.14441790649032
            ],
            [
              112.33326229127498,
              36.11907488105694
            ],
            [
              112.5489,
              36.110600000000005
            ],
            [
              112.76453770872503,
              36.11907488105694
            ],
            [
              112.97809870843548,
              36.14441790649032
            ],
            [
              113.18752628995982,
              36.18638500911131
            ],
            [
              113.3908035512032,
              36.24457202278014
            ],
            [
              113.5859728210172,
              36.3184185747469
            ],
            [
              113.77115451264312,
              36.40721348234752
            ],
            [
              113.94456522516002,
              36.51010160208158
            ],
            [
              114.10453491861041,
              36.62609206511168
            ],
            [
              114.24952299739802,
              36.754067819871985
            ],
            [
              114.3781331470656,
              36.892796389885504
            ],
            [
              114.48912678156638,
              37.040941743186245
            ],
            [
              114.58143497152483,
              37.19707715903744
            ],
            [
              114.65416873861086,
              37.35969896803215
            ],
            [
              114.7066276168871,
              37.52724103325161
            ],
            [
              114.73830639867883,
              37.69808983301998
            ],
            [
              114.7489,
              37.8706
            ]
          ]
        ]
      }
    },
    {
      "type": "Feature",
      "properties": {
        "name": "Sichuan",
        "center": [
          104.0668,
          30.5728
        ],
        "radius": 3
      },
      "geometry": {
        "type": "Polygon",
        "coordinates": [
          [
            [
              107.0668,
              30.5728
            ],
            [
              107.0523541800166,
              30.808041136790948
            ],
            [
              107.00915584120969,
              31.04101677283871
            ],
            [
              106.93762100719663,
              31.26948322541071
            ],
            [
              106.83843859753387,
              31.491240237676216
            ],
            [
              106.71256379304506,
              31.704152168382397
            ],
            [
              106.56120883690764,
              31.906168559247046
            ],
            [
              106.38583136008822,
              32.09534388199275
            ],
            [
              106.18812034355965,
              32.26985627484771
            ],
            [
              105.96997985249094,
              32.42802508807057
            ],
            [
              105.73351069905881,
              32.568327069526106
            ],
            [
              105.480990210478,
              32.689411034436056
            ],
            [
              105.21485029709527,
              32.790110878027086
            ],
            [
              104.93765403176339,
              32.8694568057573
            ],
            [
              104.65207096604838,
              32.92668467296775
            ],
            [
              104.36085142098868,
              32.961243344013276
            ],
            [
              104.0668,
              32.9728
            ],
            [
              103.77274857901132,
              32.961243344013276
            ],
            [
              103.48152903395162,
              32.92668467296775
            ],
            [
              103.19594596823661,
              32.8694568057573
            ],
            [
              102.91874970290473,
              32.790110878027086
            ],
            [
              102.652609789522,
              32.689411034436056
            ],
            [
              102.40008930094119,
              32.56832706952611
            ],
            [
              102.16362014750906,
              32.42802508807057
            ],
            [
              101.94547965644036,
              32.26985627484771
            ],
            [
              101.74776863991178,
              32.09534388199275
            ],
            [
              101.57239116309236,
              31.906168559247046
            ],
            [
              101.42103620695494,
              31.704152168382397
            ],
            [
              101.29516140246614,
              31.491240237676216
            ],
            [
              101.19597899280338,
              31.26948322541071
            ],
            [
              101.12444415879031,
              31.04101677283871
            ],
            [
              101.08124581998341,
              30.808041136790948
            ],
            [
              101.0668,
              30.5728
            ],
            [
              101.08124581998341,
              30.337558863209054
            ],
            [
              101.12444415879031,
              30.104583227161292
            ],
            [
              101.19597899280338,
              29.876116774589292
            ],
            [
              101.29516140246614,
              29.654359762323786
            ],
            [
              101.42103620695494,
              29.441447831617605
            ],
            [
              101.57239116309236,
              29.239431440752956
            ],
            [
              101.74776863991178,
              29.05025611800725
            ],
            [
              101.94547965644036,
              28.875743725152287
            ],
            [
              102.16362014750906,
              28.717574911929432
            ],
            [
              102.40008930094119,
              28.577272930473892
            ],
            [
              102.652609789522,
              28.45618896556395
            ],
            [
              102.91874970290473,
              28.355489121972912
            ],
            [
              103.19594596823661,
              28.2761431942427
            ],
            [
              103.48152903395162,
              28.21891532703225
            ],
            [
              103.77274857901132,
              28.18435665598673
            ],
            [
              104.0668,
              28.172800000000002
            ],
            [
              104.36085142098868,
              28.18435665598673
            ],
            [
              104.65207096604838,
              28.21891532703225
            ],
            [
              104.93765403176339,
              28.2761431942427
            ],
            [
              105.21485029709527,
              28.355489121972912
            ],
            [
              105.480990210478,
              28.45618896556395
            ],
            [
              105.73351069905881,
              28.577272930473892
            ],
            [
              105.96997985249094,
              28.717574911929432
            ],
            [
              106.18812034355965,
              28.875743725152287
            ],
            [
              106.3858313600882,
              29.05025611800725
            ],
            [
              106.56120883690764,
              29.239431440752956
            ],
            [
              106.71256379304506,
              29.441447831617605
            ],
            [
              106.83843859753387,
              29.654359762323786
            ],
            [
              106.93762100719663,
              29.876116774589292
            ],
            [
              107.00915584120969,
              30.104583227161292
            ],
            [
              107.0523541800166,
              30.337558863209054
            ],
            [
              107.0668,
              30.5728
            ]
          ]
        ]
      }
    },
    {
      "type": "Feature",
      "properties": {
        "name": "Yunnan",
        "center": [
          102.7103,
          25.0453
        ],
        "radius": 2.8
      },
      "geometry": {
        "type": "Polygon",
        "coordinates": [
          [
            [
              105.5103,
              25.0453
            ],
            [
              105.49681723468215,
              25.264858394338216
            ],
            [
              105.45649878512904,
              25.48230232131613
            ],
            [
              105.3897329400502,
              25.695537677049998
            ],
            [
              105.2971626910316,
              25.9025108884978
            ],
            [
              105.1796795401754,
              26.101228690490235
            ],
            [
              105.03841491444713,
              26.28977732196391
            ],
            [
              104.87472926941567,
              26.466340956526565
            ],
            [
              104.69019898732233,
              26.629219189857867
            ],
            [
              104.48660119565821,
              26.776843415532532
            ],
            [
              104.26589665245488,
              26.907791931557703
            ],
            [
              104.0302108631128,
              27.020803632140314
            ],
            [
              103.78181361062225,
              27.114790152825282
            ],
            [
              103.5230970963125,
              27.188846352040148
            ],
            [
              103.25655290164516,
              27.242259028103238
            ],
            [
              102.98474799292278,
              27.27451378774572
            ],
            [
              102.7103,
              27.2853
            ],
            [
              102.43585200707723,
              27.27451378774572
            ],
            [
              102.16404709835484,
              27.242259028103238
            ],
            [
              101.89750290368751,
              27.188846352040148
            ],
            [
              101.63878638937776,
              27.114790152825282
            ],
            [
              101.39038913688721,
              27.020803632140318
            ],
            [
              101.15470334754512,
              26.907791931557703
            ],
            [
              100.9339988043418,
              26.776843415532532
            ],
            [
              100.73040101267767,
              26.629219189857867
            ],
            [
              100.54587073058434,
              26.466340956526565
            ],
            [
              100.38218508555288,
              26.28977732196391
            ],
            [
              100.24092045982461,
              26.101228690490235
            ],
            [
              100.1234373089684,
              25.9025108884978
            ],
            [
              100.03086705994981,
              25.695537677049998
            ],
            [
              99.96410121487096,
              25.48230232131613
            ],
            [
              99.92378276531785,
              25.264858394338216
            ],
            [
              99.9103,
              25.0453
            ],
            [
              99.92378276531785,
              24.825741605661786
            ],
            [
              99.96410121487096,
              24.608297678683872
            ],
            [
              100.03086705994981,
              24.395062322950007
            ],
            [
              100.1234373089684,
              24.1880891115022
            ],
            [
              100.24092045982461,
              23.989371309509767
            ],
            [
              100.38218508555288,
              23.80082267803609
            ],
            [
              100.54587073058434,
              23.624259043473437
            ],
            [
              100.73040101267767,
              23.461380810142135
            ],
            [
              100.9339988043418,
              23.31375658446747
            ],
            [
              101.15470334754512,
              23.1828080684423
            ],
            [
              101.39038913688721,
              23.069796367859688
            ],
            [
              101.63878638937776,
              22.97580984717472
            ],
            [
              101.89750290368751,
              22.901753647959854
            ],
            [
              102.16404709835484,
              22.848340971896764
            ],
            [
              102.43585200707723,
              22.81608621225428
            ],
            [
              102.7103,
              22.805300000000003
            ],
            [
              102.98474799292278,
              22.81608621225428
            ],
            [
              103.25655290164516,
              22.848340971896764
            ],
            [
              103.5230970963125,
              22.901753647959854
            ],
            [
              103.78181361062225,
              22.97580984717472
            ],
            [
              104.0302108631128,
              23.069796367859684
            ],
            [
              104.26589665245488,
              23.1828080684423
            ],
            [
              104.48660119565821,
              23.31375658446747
            ],
            [
              104.69019898732233,
              23.461380810142135
            ],
            [
              104.87472926941567,
              23.624259043473433
            ],
            [
              105.03841491444713,
              23.80082267803609
            ],
            [
              105.1796795401754,
              23.989371309509767
            ],
            [
              105.2971626910316,
              24.188089111502197
            ],
            [
              105.3897329400502,
              24.395062322950004
            ],
            [
              105.45649878512904,
              24.608297678683872
            ],
            [
              105.49681723468215,
              24.825741605661786
            ],
            [
              105.5103,
              25.0453
            ]
          ]
        ]
      }
    },
    {
      "type": "Feature",
      "properties": {
        "name": "Zhejiang",
        "center": [
          120.1551,
          30.2741
        ],
        "radius": 1.9
      },
      "geometry": {
        "type": "Polygon",
        "coordinates": [
          [
            [
              122.05510000000001,
              30.2741
            ],
            [
              122.04595098067718,
              30.42308605330093
            ],
            [
              122.01859203276614,
              30.570637289464514
            ],
            [
              121.9732866378912,
              30.715332709426782
            ],
            [
              121.91047111177144,
              30.85577881719494
            ],
            [
              121.83075040226188,
              30.990623039975517
            ],
            [
              121.73489226337485,
              31.118566754189796
            ],
            [
              121.62381986138921,
              31.23837779192874
            ],
            [
              121.49860288425444,
              31.348902307403552
            ],
            [
              121.36044723991093,
              31.44907588911136
            ],
            [
              121.21068344273725,
              31.53793381069987
            ],
            [
              121.0507537999694,
              31.6146203218095
            ],
            [
              120.88219852149368,
              31.678396889417158
            ],
            [
              120.70664088678349,
              31.72864931031296
            ],
            [
              120.52577161183065,
              31.76489362621291
            ],
            [
              120.34133256662616,
              31.78678078454174
            ],
            [
              120.1551,
              31.7941
            ],
            [
              119.96886743337384,
              31.78678078454174
            ],
            [
              119.78442838816936,
              31.76489362621291
            ],
            [
              119.60355911321652,
              31.72864931031296
            ],
            [
              119.42800147850633,
              31.678396889417158
            ],
            [
              119.25944620003061,
              31.6146203218095
            ],
            [
              119.09951655726276,
              31.53793381069987
            ],
            [
              118.94975276008908,
              31.449075889111363
            ],
            [
              118.81159711574557,
              31.348902307403552
            ],
            [
              118.6863801386108,
              31.23837779192874
            ],
            [
              118.57530773662516,
              31.118566754189796
            ],
            [
              118.47944959773812,
              30.990623039975517
            ],
            [
              118.39972888822857,
              30.85577881719494
            ],
            [
              118.3369133621088,
              30.715332709426782
            ],
            [
              118.29160796723387,
              30.570637289464518
            ],
            [
              118.26424901932283,
              30.423086053300935
            ],
            [
              118.2551,
              30.2741
            ],
            [
              118.26424901932283,
              30.12511394669907
            ],
            [
              118.29160796723387,
              29.977562710535487
            ],
            [
              118.3369133621088,
              29.83286729057322
            ],
            [
              118.39972888822857,
              29.692421182805063
            ],
            [
              118.47944959773812,
              29.557576960024484
            ],
            [
              118.57530773662516,
              29.429633245810205
            ],
            [
              118.6863801386108,
              29.30982220807126
            ],
            [
              118.81159711574557,
              29.19929769259645
            ],
            [
              118.94975276008908,
              29.099124110888642
            ],
            [
              119.09951655726276,
              29.010266189300133
            ],
            [
              119.25944620003061,
              28.9335796781905
            ],
            [
              119.42800147850633,
              28.869803110582843
            ],
            [
              119.60355911321652,
              28.819550689687045
            ],
            [
              119.78442838816936,
              28.78330637378709
            ],
            [
              119.96886743337384,
              28.76141921545826
            ],
            [
              120.1551,
              28.7541
            ],
            [
              120.34133256662616,
              28.76141921545826
            ],
            [
              120.52577161183065,
              28.78330637378709
            ],
            [
              120.70664088678348,
              28.81955068968704
            ],
            [
              120.88219852149368,
              28.869803110582843
            ],
            [
              121.0507537999694,
              28.9335796781905
            ],
            [
              121.21068344273725,
              29.010266189300133
            ],
            [
              121.36044723991093,
              29.099124110888642
            ],
            [
              121.49860288425444,
              29.19929769259645
            ],
            [
              121.62381986138921,
              29.30982220807126
            ],
            [
              121.73489226337485,
              29.429633245810205
            ],
            [
              121.83075040226188,
              29.557576960024484
            ],
            [
              121.91047111177144,
              29.692421182805063
            ],
            [
              121.9732866378912,
              29.83286729057322
            ],
            [
              122.01859203276614,
              29.977562710535484
            ],
            [
              122.04595098067718,
              30.12511394669907
            ],
            [
              122.05510000000001,
              30.2741
            ]
          ]
        ]
      }
    },
    {
      "type": "Feature",
      "properties": {
        "name": "Inner Mongolia",
        "center": [
          111.7492,
          40.8426
        ],
        "radius": 3.4
      },
      "geometry": {
        "type": "Polygon",
        "coordinates": [
          [
            [
              115.14920000000001,
              40.8426
            ],
            [
              115.13282807068548,
              41.1092066216964
            ],
            [
              115.08386995337098,
              41.373245675883865
            ],
            [
              115.00279714148951,
              41.63217432213214
            ],
            [
              114.89039041053837,
              41.88349893603304
            ],
            [
              114.74773229878441,
              42.124799124166714
            ],
            [
              114.57619668182866,
              42.35375103381332
            ],
            [
              114.37743554143331,
              42.568149732925114
            ],
            [
              114.15336305603427,
              42.765930444827404
            ],
            [
              113.9061371661564,
              42.94518843314664
            ],
            [
              113.63813879226664,
              43.10419734546292
            ],
            [
              113.35194890520839,
              43.24142583902752
            ],
            [
              113.05032367004131,
              43.3555523284307
            ],
            [
              112.73616790266517,
              43.44547771319161
            ],
            [
              112.41250709485483,
              43.510335962696786
            ],
            [
              112.08245827712051,
              43.549502456548375
            ],
            [
              111.7492,
              43.562599999999996
            ],
            [
              111.4159417228795,
              43.549502456548375
            ],
            [
              111.08589290514517,
              43.510335962696786
            ],
            [
              110.76223209733483,
              43.44547771319161
            ],
            [
              110.4480763299587,
              43.3555523284307
            ],
            [
              110.14645109479162,
              43.24142583902752
            ],
            [
              109.86026120773336,
              43.10419734546292
            ],
            [
              109.5922628338436,
              42.94518843314664
            ],
            [
              109.34503694396574,
              42.765930444827404
            ],
            [
              109.12096445856669,
              42.568149732925114
            ],
            [
              108.92220331817134,
              42.35375103381332
            ],
            [
              108.75066770121559,
              42.124799124166714
            ],
            [
              108.60800958946163,
              41.88349893603304
            ],
            [
              108.4956028585105,
              41.63217432213214
            ],
            [
              108.41453004662903,
              41.373245675883865
            ],
            [
              108.36557192931453,
              41.1092066216964
            ],
            [
              108.3492,
              40.8426
            ],
            [
              108.36557192931453,
              40.57599337830359
            ],
            [
              108.41453004662903,
              40.31195432411613
            ],
            [
              108.4956028585105,
              40.05302567786786
            ],
            [
              108.60800958946163,
              39.80170106396695
            ],
            [
              108.75066770121559,
              39.56040087583328
            ],
            [
              108.92220331817134,
              39.33144896618668
            ],
            [
              109.12096445856669,
              39.11705026707488
            ],
            [
              109.34503694396574,
              38.91926955517259
            ],
            [
              109.5922628338436,
              38.740011566853354
            ],
            [
              109.86026120773336,
              38.58100265453707
            ],
            [
              110.14645109479162,
              38.443774160972474
            ],
            [
              110.4480763299587,
              38.3296476715693
            ],
            [
              110.76223209733483,
              38.23972228680839
            ],
            [
              111.08589290514516,
              38.17486403730321
            ],
            [
              111.4159417228795,
              38.13569754345162
            ],
            [
              111.7492,
              38.1226
            ],
            [
              112.08245827712051,
              38.13569754345162
            ],
            [
              112.41250709485483,
              38.17486403730321
            ],
            [
              112.73616790266517,
              38.23972228680839
            ],
            [
              113.05032367004131,
              38.3296476715693
            ],
            [
              113.35194890520839,
              38.443774160972474
            ],
            [
              113.63813879226664,
              38.58100265453707
            ],
            [
              113.9061371661564,
              38.740011566853354
            ],
            [
              114.15336305603427,
              38.91926955517259
            ],
            [
              114.3774355414333,
              39.11705026707488
            ],
            [
              114.57619668182866,
              39.33144896618668
            ],
            [
              114.74773229878441,
              39.56040087583328
            ],
            [
              114.89039041053837,
              39.80170106396695
            ],
            [
              115.00279714148951,
              40.05302567786786
            ],
            [
              115.08386995337098,
              40.31195432411613
            ],
            [
              115.13282807068548,
              40.57599337830359
            ],
            [
              115.14920000000001,
              40.8426
            ]
          ]
        ]
      }
    },
    {
      "type": "Feature",
      "properties": {
        "name": "Ningxia",
        "center": [
          106.2309,
          38.4872
        ],
        "radius": 1.8
      },
      "geometry": {
        "type": "Polygon",
        "coordinates": [
          [
            [
              108.0309,
              38.4872
            ],
            [
              108.02223250800996,
              38.62834468207457
            ],
            [
              107.99631350472582,
              38.768130063703225
            ],
            [
              107.95339260431798,
              38.905209935246425
            ],
            [
              107.89388315852032,
              39.03826414260573
            ],
            [
              107.81835827582704,
              39.166011301029435
            ],
            [
              107.72754530214459,
              39.28722113554823
            ],
            [
              107.62231881605294,
              39.40072632919565
            ],
            [
              107.5036922061358,
              39.50543376490863
            ],
            [
              107.37280791149456,
              39.60033505284234
            ],
            [
              107.23092641943529,
              39.68451624171567
            ],
            [
              107.0794141262868,
              39.757166620661636
            ],
            [
              106.91973017825717,
              39.81758652681626
            ],
            [
              106.75341241905804,
              39.865194083454384
            ],
            [
              106.58206257962904,
              39.89953080378066
            ],
            [
              106.40733085259322,
              39.920266006407964
            ],
            [
              106.2309,
              39.9272
            ],
            [
              106.05446914740679,
              39.920266006407964
            ],
            [
              105.87973742037097,
              39.89953080378066
            ],
            [
              105.70838758094197,
              39.865194083454384
            ],
            [
              105.54206982174284,
              39.81758652681626
            ],
            [
              105.3823858737132,
              39.757166620661636
            ],
            [
              105.23087358056472,
              39.68451624171567
            ],
            [
              105.08899208850545,
              39.60033505284234
            ],
            [
              104.95810779386422,
              39.50543376490863
            ],
            [
              104.83948118394707,
              39.40072632919565
            ],
            [
              104.73425469785542,
              39.28722113554823
            ],
            [
              104.64344172417297,
              39.166011301029435
            ],
            [
              104.56791684147969,
              39.03826414260573
            ],
            [
              104.50840739568203,
              38.905209935246425
            ],
            [
              104.46548649527419,
              38.768130063703225
            ],
            [
              104.43956749199005,
              38.62834468207457
            ],
            [
              104.43090000000001,
              38.4872
            ],
            [
              104.43956749199005,
              38.34605531792543
            ],
            [
              104.46548649527419,
              38.20626993629678
            ],
            [
              104.50840739568203,
              38.06919006475358
            ],
            [
              104.56791684147969,
              37.93613585739427
            ],
            [
              104.64344172417297,
              37.80838869897057
            ],
            [
              104.73425469785542,
              37.687178864451774
            ],
            [
              104.83948118394707,
              37.573673670804354
            ],
            [
              104.95810779386422,
              37.46896623509137
            ],
            [
              105.08899208850545,
              37.37406494715766
            ],
            [
              105.23087358056472,
              37.28988375828433
            ],
            [
              105.3823858737132,
              37.21723337933837
            ],
            [
              105.54206982174284,
              37.156813473183746
            ],
            [
              105.70838758094197,
              37.10920591654562
            ],
            [
              105.87973742037097,
              37.07486919621935
            ],
            [
              106.05446914740679,
              37.05413399359204
            ],
            [
              106.2309,
              37.047200000000004
            ],
            [
              106.40733085259322,
              37.05413399359204
            ],
            [
              106.58206257962904,
              37.074869196219346
            ],
            [
              106.75341241905804,
              37.10920591654562
            ],
            [
              106.91973017825717,
              37.156813473183746
            ],
            [
              107.0794141262868,
              37.21723337933837
            ],
            [
              107.23092641943529,
              37.28988375828433
            ],
            [
              107.37280791149456,
              37.37406494715766
            ],
            [
              107.5036922061358,
              37.46896623509137
            ],
            [
              107.62231881605292,
              37.573673670804354
            ],
            [
              107.72754530214459,
              37.687178864451774
            ],
            [
              107.81835827582704,
              37.80838869897057
            ],
            [
              107.89388315852032,
              37.93613585739427
            ],
            [
              107.95339260431798,
              38.06919006475358
            ],
            [
              107.99631350472582,
              38.20626993629678
            ],
            [
              108.02223250800996,
              38.34605531792543
            ],
            [
              108.0309,
              38.4872
            ]
          ]
        ]
      }
    },
    {
      "type": "Feature",
      "properties": {
        "name": "Xinjiang",
        "center": [
          87.6271,
          43.793
        ],
        "radius": 5
      },
      "geometry": {
        "type": "Polygon",
        "coordinates": [
          [
            [
              92.6271,
              43.793
            ],
            [
              92.60302363336098,
              44.18506856131824
            ],
            [
              92.53102640201615,
              44.57336128806451
            ],
            [
              92.41180167866105,
              44.95413870901785
            ],
            [
              92.24649766255644,
              45.32373372946036
            ],
            [
              92.03670632174178,
              45.67858694730399
            ],
            [
              91.78444806151272,
              46.01528093207841
            ],
            [
              91.49215226681369,
              46.33057313665458
            ],
            [
              91.16263390593274,
              46.62142712474619
            ],
            [
              90.79906642081822,
              46.88504181345095
            ],
            [
              90.40495116509801,
              47.11887844921018
            ],
            [
              89.98408368412998,
              47.32068505739342
            ],
            [
              89.54051716182545,
              47.48851813004514
            ],
            [
              89.07852338627231,
              47.62076134292884
            ],
            [
              88.60255161008064,
              47.71614112161292
            ],
            [
              88.1171857016478,
              47.773738906688784
            ],
            [
              87.6271,
              47.793
            ],
            [
              87.1370142983522,
              47.773738906688784
            ],
            [
              86.65164838991936,
              47.71614112161292
            ],
            [
              86.17567661372769,
              47.62076134292884
            ],
            [
              85.71368283817455,
              47.48851813004514
            ],
            [
              85.27011631587001,
              47.32068505739342
            ],
            [
              84.84924883490199,
              47.11887844921018
            ],
            [
              84.45513357918178,
              46.88504181345095
            ],
            [
              84.09156609406726,
              46.62142712474619
            ],
            [
              83.76204773318631,
              46.33057313665458
            ],
            [
              83.46975193848728,
              46.01528093207841
            ],
            [
              83.21749367825822,
              45.67858694730399
            ],
            [
              83.00770233744356,
              45.32373372946036
            ],
            [
              82.84239832133895,
              44.95413870901785
            ],
            [
              82.72317359798384,
              44.57336128806451
            ],
            [
              82.65117636663902,
              44.18506856131824
            ],
            [
              82.6271,
              43.793
            ],
            [
              82.65117636663902,
              43.40093143868176
            ],
            [
              82.72317359798384,
              43.01263871193549
            ],
            [
              82.84239832133895,
              42.63186129098215
            ],
            [
              83.00770233744356,
              42.26226627053964
            ],
            [
              83.21749367825822,
              41.90741305269601
            ],
            [
              83.46975193848728,
              41.570719067921594
            ],
            [
              83.76204773318631,
              41.25542686334542
            ],
            [
              84.09156609406726,
              40.96457287525381
            ],
            [
              84.45513357918176,
              40.70095818654905
            ],
            [
              84.84924883490199,
              40.46712155078982
            ],
            [
              85.27011631587001,
              40.26531494260658
            ],
            [
              85.71368283817455,
              40.097481869954855
            ],
            [
              86.17567661372769,
              39.96523865707116
            ],
            [
              86.65164838991936,
              39.86985887838708
            ],
            [
              87.1370142983522,
              39.812261093311214
            ],
            [
              87.6271,
              39.793
            ],
            [
              88.1171857016478,
              39.812261093311214
            ],
            [
              88.60255161008064,
              39.86985887838708
            ],
            [
              89.07852338627231,
              39.96523865707116
            ],
            [
              89.54051716182545,
              40.097481869954855
            ],
            [
              89.98408368412998,
              40.26531494260658
            ],
            [
              90.40495116509801,
              40.46712155078982
            ],
            [
              90.79906642081822,
              40.70095818654905
            ],
            [
              91.16263390593274,
              40.96457287525381
            ],
            [
              91.49215226681368,
              41.25542686334541
            ],
            [
              91.78444806151272,
              41.57071906792159
            ],
            [
              92.03670632174178,
              41.90741305269601
            ],
            [
              92.24649766255644,
              42.26226627053964
            ],
            [
              92.41180167866105,
              42.63186129098215
            ],
            [
              92.53102640201615,
              43.01263871193549
            ],
            [
              92.60302363336098,
              43.40093143868176
            ],
            [
              92.6271,
              43.793
            ]
          ]
        ]
      }
    },
    {
      "type": "Feature",
      "properties": {
        "name": "Tibet",
        "center": [
          91.1175,
          29.6473
        ],
        "radius": 4.2
      },
      "geometry": {
        "type": "Polygon",
        "coordinates": [
          [
            [
              95.31750000000001,
              29.6473
            ],
            [
              95.29727585202323,
              29.976637591507323
            ],
            [
              95.23679817769357,
              30.30280348197419
            ],
            [
              95.13664941007528,
              30.622656515574995
            ],
            [
              94.99779403654742,
              30.933116332746703
            ],
            [
              94.8215693102631,
              31.23119303573535
            ],
            [
              94.6096723716707,
              31.514015982945864
            ],
            [
              94.36414390412351,
              31.77886143478985
            ],
            [
              94.08734848098351,
              32.0231787847868
            ],
            [
              93.78195179348732,
              32.2446151232988
            ],
            [
              93.45089497868234,
              32.44103789733656
            ],
            [
              93.0973662946692,
              32.61055544821048
            ],
            [
              92.72477041593338,
              32.75153522923792
            ],
            [
              92.33669564446875,
              32.86261952806022
            ],
            [
              91.93687935246774,
              32.942738542154856
            ],
            [
              91.52917198938417,
              32.99112068161858
            ],
            [
              91.1175,
              33.0073
            ],
            [
              90.70582801061585,
              32.99112068161858
            ],
            [
              90.29812064753227,
              32.942738542154856
            ],
            [
              89.89830435553127,
              32.86261952806022
            ],
            [
              89.51022958406664,
              32.75153522923792
            ],
            [
              89.13763370533081,
              32.61055544821048
            ],
            [
              88.78410502131769,
              32.44103789733656
            ],
            [
              88.45304820651269,
              32.2446151232988
            ],
            [
              88.1476515190165,
              32.0231787847868
            ],
            [
              87.8708560958765,
              31.77886143478985
            ],
            [
              87.62532762832932,
              31.514015982945864
            ],
            [
              87.41343068973691,
              31.231193035735355
            ],
            [
              87.2372059634526,
              30.933116332746703
            ],
            [
              87.09835058992473,
              30.622656515574995
            ],
            [
              86.99820182230644,
              30.302803481974195
            ],
            [
              86.93772414797678,
              29.976637591507327
            ],
            [
              86.9175,
              29.6473
            ],
            [
              86.93772414797678,
              29.31796240849268
            ],
            [
              86.99820182230644,
              28.99179651802581
            ],
            [
              87.09835058992473,
              28.671943484425007
            ],
            [
              87.2372059634526,
              28.3614836672533
            ],
            [
              87.41343068973691,
              28.06340696426465
            ],
            [
              87.62532762832932,
              27.78058401705414
            ],
            [
              87.8708560958765,
              27.515738565210153
            ],
            [
              88.1476515190165,
              27.271421215213202
            ],
            [
              88.45304820651269,
              27.049984876701206
            ],
            [
              88.78410502131767,
              26.85356210266345
            ],
            [
              89.13763370533081,
              26.68404455178953
            ],
            [
              89.51022958406662,
              26.54306477076208
            ],
            [
              89.89830435553127,
              26.43198047193978
            ],
            [
              90.29812064753227,
              26.351861457845146
            ],
            [
              90.70582801061585,
              26.30347931838142
            ],
            [
              91.1175,
              26.287300000000002
            ],
            [
              91.52917198938415,
              26.30347931838142
            ],
            [
              91.93687935246774,
              26.351861457845146
            ],
            [
              92.33669564446875,
              26.43198047193978
            ],
            [
              92.72477041593339,
              26.54306477076208
            ],
            [
              93.0973662946692,
              26.684044551789526
            ],
            [
              93.45089497868233,
              26.85356210266345
            ],
            [
              93.78195179348732,
              27.049984876701206
            ],
            [
              94.08734848098351,
              27.271421215213202
            ],
            [
              94.3641439041235,
              27.51573856521015
            ],
            [
              94.6096723716707,
              27.78058401705414
            ],
            [
              94.8215693102631,
              28.063406964264647
            ],
            [
              94.9977940365474,
              28.361483667253296
            ],
            [
              95.13664941007528,
              28.671943484425007
            ],
            [
              95.23679817769357,
              28.991796518025808
            ],
            [
              95.29727585202323,
              29.31796240849268
            ],
            [
              95.31750000000001,
              29.6473
            ]
          ]
        ]
      }
    },
    {
      "type": "Feature",
      "properties": {
        "name": "Hong Kong",
        "center": [
          114.1694,
          22.3193
        ],
        "radius": 0.6
      },
      "geometry": {
        "type": "Polygon",
        "coordinates": [
          [
            [
              114.76939999999999,
              22.3193
            ],
            [
              114.76651083600332,
              22.366348227358188
            ],
            [
              114.75787116824193,
              22.41294335456774
            ],
            [
              114.74356420143933,
              22.45863664508214
            ],
            [
              114.72372771950677,
              22.50298804753524
            ],
            [
              114.69855275860901,
              22.545570433676478
            ],
            [
              114.66828176738153,
              22.58597371184941
            ],
            [
              114.63320627201765,
              22.623808776398548
            ],
            [
              114.59366406871193,
              22.658711254969543
            ],
            [
              114.55003597049819,
              22.690345017614113
            ],
            [
              114.50274213981176,
              22.71840541390522
            ],
            [
              114.4522380420956,
              22.74262220688721
            ],
            [
              114.39901005941906,
              22.762762175605417
            ],
            [
              114.34357080635267,
              22.778631361151458
            ],
            [
              114.28645419320968,
              22.79007693459355
            ],
            [
              114.22821028419773,
              22.79698866880265
            ],
            [
              114.1694,
              22.7993
            ],
            [
              114.11058971580226,
              22.79698866880265
            ],
            [
              114.05234580679031,
              22.79007693459355
            ],
            [
              113.99522919364732,
              22.778631361151458
            ],
            [
              113.93978994058094,
              22.762762175605417
            ],
            [
              113.88656195790439,
              22.74262220688721
            ],
            [
              113.83605786018823,
              22.71840541390522
            ],
            [
              113.7887640295018,
              22.690345017614113
            ],
            [
              113.74513593128806,
              22.658711254969543
            ],
            [
              113.70559372798235,
              22.623808776398548
            ],
            [
              113.67051823261846,
              22.58597371184941
            ],
            [
              113.64024724139098,
              22.545570433676478
            ],
            [
              113.61507228049322,
              22.50298804753524
            ],
            [
              113.59523579856067,
              22.45863664508214
            ],
            [
              113.58092883175806,
              22.41294335456774
            ],
            [
              113.57228916399667,
              22.366348227358188
            ],
            [
              113.5694,
              22.3193
            ],
            [
              113.57228916399667,
              22.27225177264181
            ],
            [
              113.58092883175806,
              22.225656645432256
            ],
            [
              113.59523579856067,
              22.179963354917856
            ],
            [
              113.61507228049322,
              22.135611952464757
            ],
            [
              113.64024724139098,
              22.09302956632352
            ],
            [
              113.67051823261846,
              22.052626288150588
            ],
            [
              113.70559372798235,
              22.01479122360145
            ],
            [
              113.74513593128806,
              21.979888745030454
            ],
            [
              113.7887640295018,
              21.948254982385883
            ],
            [
              113.83605786018823,
              21.920194586094777
            ],
            [
              113.88656195790439,
              21.895977793112788
            ],
            [
              113.93978994058094,
              21.87583782439458
            ],
            [
              113.99522919364732,
              21.85996863884854
            ],
            [
              114.05234580679031,
              21.848523065406447
            ],
            [
              114.11058971580226,
              21.841611331197345
            ],
            [
              114.1694,
              21.839299999999998
            ],
            [
              114.22821028419773,
              21.841611331197345
            ],
            [
              114.28645419320968,
              21.848523065406447
            ],
            [
              114.34357080635267,
              21.85996863884854
            ],
            [
              114.39901005941906,
              21.87583782439458
            ],
            [
              114.4522380420956,
              21.895977793112788
            ],
            [
              114.50274213981176,
              21.920194586094777
            ],
            [
              114.55003597049819,
              21.948254982385883
            ],
            [
              114.59366406871193,
              21.979888745030454
            ],
            [
              114.63320627201763,
              22.01479122360145
            ],
            [
              114.66828176738153,
              22.052626288150588
            ],
            [
              114.69855275860901,
              22.09302956632352
            ],
            [
              114.72372771950677,
              22.135611952464757
            ],
            [
              114.74356420143933,
              22.179963354917856
            ],
            [
              114.75787116824193,
              22.225656645432256
            ],
            [
              114.76651083600332,
              22.27225177264181
            ],
            [
              114.76939999999999,
              22.3193
            ]
          ]
        ]
      }
    },
    {
      "type": "Feature",
      "properties": {
        "name": "Macau",
        "center": [
          113.5439,
          22.1987
        ],
        "radius": 0.4
      },
      "geometry": {
        "type": "Polygon",
        "coordinates": [
          [
            [
              113.9439,
              22.1987
            ],
            [
              113.94197389066888,
              22.23006548490546
            ],
            [
              113.93621411216128,
              22.26112890304516
            ],
            [
              113.92667613429288,
              22.291591096721426
            ],
            [
              113.91345181300451,
              22.32115869835683
            ],
            [
              113.89666850573934,
              22.34954695578432
            ],
            [
              113.87648784492102,
              22.37648247456627
            ],
            [
              113.85310418134509,
              22.401705850932366
            ],
            [
              113.82674271247461,
              22.424974169979695
            ],
            [
              113.79765731366545,
              22.446063345076073
            ],
            [
              113.76612809320784,
              22.464770275936814
            ],
            [
              113.7324586947304,
              22.48091480459147
            ],
            [
              113.69697337294603,
              22.49434145040361
            ],
            [
              113.66001387090178,
              22.504920907434304
            ],
            [
              113.62193612880644,
              22.512551289729032
            ],
            [
              113.58310685613182,
              22.5171591125351
            ],
            [
              113.5439,
              22.5187
            ],
            [
              113.50469314386817,
              22.5171591125351
            ],
            [
              113.46586387119355,
              22.512551289729032
            ],
            [
              113.42778612909821,
              22.504920907434304
            ],
            [
              113.39082662705395,
              22.49434145040361
            ],
            [
              113.35534130526959,
              22.48091480459147
            ],
            [
              113.32167190679215,
              22.464770275936814
            ],
            [
              113.29014268633453,
              22.446063345076073
            ],
            [
              113.26105728752538,
              22.424974169979695
            ],
            [
              113.2346958186549,
              22.401705850932366
            ],
            [
              113.21131215507897,
              22.37648247456627
            ],
            [
              113.19113149426065,
              22.34954695578432
            ],
            [
              113.17434818699547,
              22.32115869835683
            ],
            [
              113.16112386570711,
              22.291591096721426
            ],
            [
              113.1515858878387,
              22.26112890304516
            ],
            [
              113.14582610933111,
              22.23006548490546
            ],
            [
              113.14389999999999,
              22.1987
            ],
            [
              113.14582610933111,
              22.167334515094538
            ],
            [
              113.1515858878387,
              22.136271096954836
            ],
            [
              113.16112386570711,
              22.10580890327857
            ],
            [
              113.17434818699547,
              22.07624130164317
            ],
            [
              113.19113149426065,
              22.047853044215678
            ],
            [
              113.21131215507897,
              22.020917525433727
            ],
            [
              113.2346958186549,
              21.99569414906763
            ],
            [
              113.26105728752538,
              21.972425830020303
            ],
            [
              113.29014268633453,
              21.951336654923924
            ],
            [
              113.32167190679215,
              21.932629724063183
            ],
            [
              113.35534130526959,
              21.916485195408526
            ],
            [
              113.39082662705395,
              21.903058549596388
            ],
            [
              113.42778612909821,
              21.892479092565694
            ],
            [
              113.46586387119355,
              21.884848710270965
            ],
            [
              113.50469314386817,
              21.880240887464897
            ],
            [
              113.5439,
              21.8787
            ],
            [
              113.58310685613182,
              21.880240887464897
            ],
            [
              113.62193612880644,
              21.884848710270965
            ],
            [
              113.66001387090178,
              21.892479092565694
            ],
            [
              113.69697337294603,
              21.903058549596388
            ],
            [
              113.7324586947304,
              21.916485195408526
            ],
            [
              113.76612809320784,
              21.932629724063183
            ],
            [
              113.79765731366545,
              21.951336654923924
            ],
            [
              113.82674271247461,
              21.972425830020303
            ],
            [
              113.85310418134509,
              21.99569414906763
            ],
            [
              113.87648784492102,
              22.020917525433727
            ],
            [
              113.89666850573934,
              22.047853044215678
            ],
            [
              113.91345181300451,
              22.07624130164317
            ],
            [
              113.92667613429288,
              22.10580890327857
            ],
            [
              113.93621411216128,
              22.136271096954836
            ],
            [
              113.94197389066888,
              22.167334515094538
            ],
            [
              113.9439,
              22.1987
            ]
          ]
        ]
      }
    },
    {
      "type": "Feature",
      "properties": {
        "name": "Taiwan",
        "center": [
          121.5654,
          25.033
        ],
        "radius": 1.8
      },
      "geometry": {
        "type": "Polygon",
        "coordinates": [
          [
            [
              123.3654,
              25.033
            ],
            [
              123.35673250800996,
              25.17414468207457
            ],
            [
              123.33081350472581,
              25.313930063703225
            ],
            [
              123.28789260431797,
              25.45100993524643
            ],
            [
              123.22838315852032,
              25.58406414260573
            ],
            [
              123.15285827582703,
              25.71181130102944
            ],
            [
              123.06204530214458,
              25.83302113554823
            ],
            [
              122.95681881605293,
              25.94652632919565
            ],
            [
              122.83819220613579,
              26.05123376490863
            ],
            [
              122.70730791149455,
              26.146135052842343
            ],
            [
              122.56542641943528,
              26.230316241715666
            ],
            [
              122.4139141262868,
              26.302966620661632
            ],
            [
              122.25423017825716,
              26.363386526816253
            ],
            [
              122.08791241905803,
              26.410994083454383
            ],
            [
              121.91656257962903,
              26.445330803780653
            ],
            [
              121.74183085259321,
              26.466066006407964
            ],
            [
              121.5654,
              26.473000000000003
            ],
            [
              121.38896914740678,
              26.466066006407964
            ],
            [
              121.21423742037096,
              26.445330803780653
            ],
            [
              121.04288758094197,
              26.410994083454383
            ],
            [
              120.87656982174283,
              26.363386526816253
            ],
            [
              120.7168858737132,
              26.302966620661632
            ],
            [
              120.56537358056471,
              26.230316241715666
            ],
            [
              120.42349208850544,
              26.146135052842343
            ],
            [
              120.2926077938642,
              26.05123376490863
            ],
            [
              120.17398118394706,
              25.94652632919565
            ],
            [
              120.06875469785541,
              25.83302113554823
            ],
            [
              119.97794172417296,
              25.71181130102944
            ],
            [
              119.90241684147968,
              25.58406414260573
            ],
            [
              119.84290739568202,
              25.45100993524643
            ],
            [
              119.79998649527418,
              25.313930063703225
            ],
            [
              119.77406749199004,
              25.17414468207457
            ],
            [
              119.7654,
              25.033
            ],
            [
              119.77406749199004,
              24.891855317925433
            ],
            [
              119.79998649527418,
              24.752069936296778
            ],
            [
              119.84290739568202,
              24.614990064753577
            ],
            [
              119.90241684147968,
              24.481935857394273
            ],
            [
              119.97794172417296,
              24.354188698970564
            ],
            [
              120.06875469785541,
              24.232978864451773
            ],
            [
              120.17398118394706,
              24.119473670804354
            ],
            [
              120.2926077938642,
              24.014766235091372
            ],
            [
              120.42349208850544,
              23.91986494715766
            ],
            [
              120.56537358056471,
              23.835683758284336
            ],
            [
              120.7168858737132,
              23.76303337933837
            ],
            [
              120.87656982174283,
              23.70261347318375
            ],
            [
              121.04288758094197,
              23.65500591654562
            ],
            [
              121.21423742037096,
              23.62066919621935
            ],
            [
              121.38896914740678,
              23.59993399359204
            ],
            [
              121.5654,
              23.593
            ],
            [
              121.74183085259321,
              23.59993399359204
            ],
            [
              121.91656257962903,
              23.62066919621935
            ],
            [
              122.08791241905803,
              23.65500591654562
            ],
            [
              122.25423017825716,
              23.70261347318375
            ],
            [
              122.4139141262868,
              23.76303337933837
            ],
            [
              122.56542641943528,
              23.835683758284336
            ],
            [
              122.70730791149455,
              23.91986494715766
            ],
            [
              122.83819220613579,
              24.014766235091372
            ],
            [
              122.95681881605292,
              24.11947367080435
            ],
            [
              123.06204530214458,
              24.232978864451773
            ],
            [
              123.15285827582703,
              24.354188698970564
            ],
            [
              123.22838315852032,
              24.48193585739427
            ],
            [
              123.28789260431797,
              24.614990064753574
            ],
            [
              123.33081350472581,
              24.752069936296778
            ],
            [
              123.35673250800996,
              24.891855317925433
            ],
            [
              123.3654,
              25.033
            ]
          ]
        ]
      }
    }
  ]
}